#Урок 4.
/* Задание 1. Заполнить все таблицы БД vk данными (по 10-100 записей в каждой таблице)*/

-- Generation time: Sun, 20 Dec 2020 17:19:29 +0000
-- Host: mysql.hostinger.ro
-- DB name: u574849695_25
/*!40030 SET NAMES UTF8 */;
/*!40101 SET @OLD_CHARACTER_SET_CLIENT=@@CHARACTER_SET_CLIENT */;
/*!40101 SET @OLD_CHARACTER_SET_RESULTS=@@CHARACTER_SET_RESULTS */;
/*!40101 SET @OLD_COLLATION_CONNECTION=@@COLLATION_CONNECTION */;
/*!40103 SET @OLD_TIME_ZONE=@@TIME_ZONE */;
/*!40103 SET TIME_ZONE='+00:00' */;
/*!40014 SET @OLD_UNIQUE_CHECKS=@@UNIQUE_CHECKS, UNIQUE_CHECKS=0 */;
/*!40014 SET @OLD_FOREIGN_KEY_CHECKS=@@FOREIGN_KEY_CHECKS, FOREIGN_KEY_CHECKS=0 */;
/*!40101 SET @OLD_SQL_MODE=@@SQL_MODE, SQL_MODE='NO_AUTO_VALUE_ON_ZERO' */;
/*!40111 SET @OLD_SQL_NOTES=@@SQL_NOTES, SQL_NOTES=0 */;

DROP TABLE IF EXISTS `communities`;
CREATE TABLE `communities` (
  `id` bigint(20) unsigned NOT NULL AUTO_INCREMENT,
  `name` varchar(150) COLLATE utf8_unicode_ci DEFAULT NULL,
  `admin_user_id` bigint(20) unsigned NOT NULL,
  UNIQUE KEY `id` (`id`),
  KEY `communities_name_idx` (`name`),
  KEY `admin_user_id` (`admin_user_id`),
  CONSTRAINT `communities_ibfk_1` FOREIGN KEY (`admin_user_id`) REFERENCES `users` (`id`)
) ENGINE=InnoDB AUTO_INCREMENT=101 DEFAULT CHARSET=utf8 COLLATE=utf8_unicode_ci;

INSERT INTO `communities` VALUES ('1','sit','1'),
('2','autem','2'),
('3','consequatur','3'),
('4','placeat','4'),
('5','eum','5'),
('6','distinctio','6'),
('7','amet','7'),
('8','ut','8'),
('9','expedita','9'),
('10','inventore','10'),
('11','occaecati','11'),
('12','esse','12'),
('13','atque','13'),
('14','cum','14'),
('15','qui','15'),
('16','repellat','16'),
('17','nostrum','17'),
('18','mollitia','18'),
('19','rerum','19'),
('20','sint','20'),
('21','sunt','21'),
('22','ea','22'),
('23','in','23'),
('24','nihil','24'),
('25','autem','25'),
('26','dolores','26'),
('27','itaque','27'),
('28','officia','28'),
('29','corrupti','29'),
('30','in','30'),
('31','autem','31'),
('32','quod','32'),
('33','ut','33'),
('34','veritatis','34'),
('35','unde','35'),
('36','tempora','36'),
('37','deserunt','37'),
('38','pariatur','38'),
('39','inventore','39'),
('40','sed','40'),
('41','ipsa','41'),
('42','eligendi','42'),
('43','consectetur','43'),
('44','velit','44'),
('45','recusandae','45'),
('46','ratione','46'),
('47','modi','47'),
('48','vero','48'),
('49','explicabo','49'),
('50','aut','50'),
('51','est','51'),
('52','officia','52'),
('53','consequatur','53'),
('54','ea','54'),
('55','velit','55'),
('56','temporibus','56'),
('57','est','57'),
('58','aut','58'),
('59','harum','59'),
('60','vel','60'),
('61','est','61'),
('62','repellat','62'),
('63','dignissimos','63'),
('64','distinctio','64'),
('65','nihil','65'),
('66','tempore','66'),
('67','cum','67'),
('68','dolorum','68'),
('69','nihil','69'),
('70','error','70'),
('71','facere','71'),
('72','repudiandae','72'),
('73','sit','73'),
('74','rerum','74'),
('75','labore','75'),
('76','ducimus','76'),
('77','nobis','77'),
('78','velit','78'),
('79','fuga','79'),
('80','officiis','80'),
('81','corrupti','81'),
('82','doloremque','82'),
('83','aut','83'),
('84','earum','84'),
('85','et','85'),
('86','et','86'),
('87','atque','87'),
('88','mollitia','88'),
('89','quia','89'),
('90','et','90'),
('91','id','91'),
('92','at','92'),
('93','iste','93'),
('94','beatae','94'),
('95','exercitationem','95'),
('96','quia','96'),
('97','et','97'),
('98','saepe','98'),
('99','a','99'),
('100','sunt','100'); 


DROP TABLE IF EXISTS `friend_requests`;
CREATE TABLE `friend_requests` (
  `initiator_user_id` bigint(20) unsigned NOT NULL,
  `target_user_id` bigint(20) unsigned NOT NULL,
  `status` enum('requested','approved','unfriended','declined') COLLATE utf8_unicode_ci DEFAULT NULL,
  `requested_at` datetime DEFAULT current_timestamp(),
  `updated_at` datetime DEFAULT NULL ON UPDATE current_timestamp(),
  PRIMARY KEY (`initiator_user_id`,`target_user_id`),
  KEY `target_user_id` (`target_user_id`),
  CONSTRAINT `friend_requests_ibfk_1` FOREIGN KEY (`initiator_user_id`) REFERENCES `users` (`id`),
  CONSTRAINT `friend_requests_ibfk_2` FOREIGN KEY (`target_user_id`) REFERENCES `users` (`id`)
) ENGINE=InnoDB DEFAULT CHARSET=utf8 COLLATE=utf8_unicode_ci;

INSERT INTO `friend_requests` VALUES ('1','1','unfriended','2018-03-01 01:14:29','1973-06-12 17:29:00'),
('2','2','requested','2004-12-21 23:05:29','1982-10-13 17:55:54'),
('3','3','approved','1984-07-05 21:55:17','2018-05-20 02:02:16'),
('4','4','requested','1972-12-19 10:27:05','1976-02-11 09:55:03'),
('5','5','declined','1989-03-25 11:10:35','1980-06-26 01:30:37'),
('6','6','unfriended','1973-05-07 08:25:40','1999-09-26 16:01:26'),
('7','7','declined','1982-01-04 03:10:27','2004-08-04 05:16:53'),
('8','8','unfriended','1972-01-21 21:37:00','1995-12-31 10:09:09'),
('9','9','requested','2019-12-16 08:52:28','2007-01-25 02:54:32'),
('10','10','requested','1992-05-14 04:31:29','1982-12-27 19:26:24'),
('11','11','declined','1988-05-30 14:24:52','2020-04-10 00:54:44'),
('12','12','approved','2008-08-15 03:08:19','2001-03-12 16:32:02'),
('13','13','approved','1985-06-04 23:01:31','2006-12-18 00:03:58'),
('14','14','declined','1990-05-22 10:52:32','1974-11-21 17:39:00'),
('15','15','unfriended','1982-09-12 10:59:45','1975-01-01 10:15:59'),
('16','16','unfriended','2000-03-05 23:00:34','1993-03-11 22:35:13'),
('17','17','requested','1983-06-12 14:32:53','1976-12-22 08:50:04'),
('18','18','declined','1995-01-02 00:52:45','2001-06-26 20:33:05'),
('19','19','declined','1996-12-12 22:24:19','1972-12-12 18:02:35'),
('20','20','approved','2019-10-04 21:46:48','2013-08-25 09:38:54'),
('21','21','approved','1978-07-12 17:25:00','2001-03-18 08:39:10'),
('22','22','approved','1976-06-11 21:12:01','1978-08-18 07:04:28'),
('23','23','requested','1995-02-05 08:30:00','1972-04-10 08:38:50'),
('24','24','requested','1981-11-19 19:18:52','1983-03-01 04:04:47'),
('25','25','declined','2000-04-09 22:29:19','2003-02-07 06:20:06'),
('26','26','unfriended','1984-12-11 17:33:38','2015-10-26 22:29:13'),
('27','27','declined','2010-07-17 22:39:01','1998-07-12 22:08:26'),
('28','28','declined','1975-11-25 19:32:04','2019-05-31 02:00:01'),
('29','29','approved','2003-10-04 17:42:53','1981-06-01 13:16:12'),
('30','30','unfriended','1979-03-06 01:33:06','2020-09-22 04:01:26'),
('31','31','unfriended','2019-12-13 22:35:34','1995-09-14 02:18:31'),
('32','32','approved','2002-10-19 20:06:35','1992-03-18 22:24:15'),
('33','33','approved','1984-06-19 07:59:29','2016-11-01 22:05:48'),
('34','34','declined','1974-11-12 05:33:08','2003-11-30 10:55:29'),
('35','35','unfriended','1994-06-29 09:35:47','2016-02-09 05:26:09'),
('36','36','requested','1981-11-13 22:57:12','2017-03-27 06:02:51'),
('37','37','unfriended','1987-12-12 03:03:24','2020-07-29 15:52:15'),
('38','38','unfriended','1977-04-04 04:06:45','2002-10-23 13:31:55'),
('39','39','requested','1974-01-13 12:58:15','1977-02-12 19:47:27'),
('40','40','declined','1985-11-21 00:51:40','1974-02-18 21:03:34'),
('41','41','approved','1984-10-29 09:32:30','1979-07-08 20:51:19'),
('42','42','unfriended','2014-08-25 04:26:49','1994-05-22 03:24:14'),
('43','43','declined','2013-01-17 20:20:45','1985-04-29 00:04:01'),
('44','44','unfriended','1994-03-15 21:02:45','2003-12-15 15:24:04'),
('45','45','unfriended','1994-02-17 12:06:13','1976-05-03 20:46:32'),
('46','46','declined','1997-12-02 00:26:00','1977-03-30 14:29:13'),
('47','47','unfriended','1977-03-25 17:59:46','2007-02-07 02:59:01'),
('48','48','requested','1992-05-20 17:30:48','2016-02-20 00:05:46'),
('49','49','declined','2007-04-05 02:47:18','2020-05-08 11:35:42'),
('50','50','unfriended','2014-04-07 07:00:16','2020-10-14 16:24:25'),
('51','51','unfriended','2001-02-09 09:48:41','2001-02-28 01:18:54'),
('52','52','approved','2009-04-04 01:33:09','2014-04-17 12:40:54'),
('53','53','requested','2019-03-12 16:17:57','1976-11-12 21:13:59'),
('54','54','requested','1973-09-30 03:30:58','2016-02-12 03:55:54'),
('55','55','unfriended','2015-02-18 08:40:39','2018-07-19 19:15:18'),
('56','56','approved','1972-08-14 05:28:52','1998-09-16 01:01:37'),
('57','57','approved','1985-05-16 05:29:35','2019-11-11 18:34:04'),
('58','58','approved','2017-08-15 06:09:01','2018-09-18 08:44:54'),
('59','59','unfriended','2018-04-30 13:06:09','1979-03-26 09:24:14'),
('60','60','unfriended','1978-09-06 00:12:38','1979-01-24 01:41:05'),
('61','61','unfriended','1984-11-12 12:18:53','2015-08-03 10:41:45'),
('62','62','unfriended','2015-11-14 13:08:53','1971-05-07 11:45:57'),
('63','63','declined','1977-07-26 14:43:59','2001-06-05 20:53:08'),
('64','64','declined','2012-05-06 21:22:51','1996-05-19 23:26:48'),
('65','65','requested','2007-04-20 10:04:33','2011-03-30 07:24:16'),
('66','66','requested','1982-12-14 11:25:43','1970-09-21 09:18:16'),
('67','67','requested','2008-03-16 17:50:47','1989-02-15 20:32:55'),
('68','68','approved','2008-05-17 10:17:47','1984-12-12 08:46:54'),
('69','69','requested','1979-05-05 15:23:01','1994-01-09 10:29:30'),
('70','70','approved','1981-11-25 13:22:56','2011-06-25 03:45:57'),
('71','71','unfriended','1988-10-14 13:09:22','2010-12-25 18:10:26'),
('72','72','unfriended','2005-02-12 14:54:09','1977-05-01 17:58:48'),
('73','73','declined','1973-08-17 14:52:55','2002-04-01 20:57:04'),
('74','74','declined','1996-11-29 14:38:09','1981-05-15 02:54:16'),
('75','75','requested','1999-10-25 21:11:32','1978-03-03 07:22:23'),
('76','76','unfriended','2008-01-20 08:24:14','1974-09-19 12:19:43'),
('77','77','declined','2007-03-06 07:21:18','1978-09-03 15:54:56'),
('78','78','declined','1996-10-31 06:29:54','2013-09-17 06:22:56'),
('79','79','declined','1989-03-21 16:45:39','1986-09-17 13:33:24'),
('80','80','declined','1979-08-07 23:08:25','1992-10-02 12:16:47'),
('81','81','unfriended','1990-08-29 02:26:18','1986-05-03 06:53:26'),
('82','82','declined','1977-10-22 22:07:23','2000-12-04 08:59:27'),
('83','83','approved','2017-08-29 20:29:51','1976-11-26 18:44:50'),
('84','84','declined','1976-12-02 23:42:39','1970-08-08 22:34:54'),
('85','85','declined','1997-07-23 01:50:02','2005-04-03 15:21:04'),
('86','86','declined','2013-03-05 13:20:02','1970-06-06 03:36:31'),
('87','87','approved','2009-11-10 17:32:28','1992-10-17 23:02:53'),
('88','88','declined','2016-01-28 07:54:06','1993-03-17 18:48:43'),
('89','89','declined','1987-10-03 14:27:01','1971-01-31 06:58:42'),
('90','90','declined','1978-08-26 18:29:03','2003-11-30 05:15:44'),
('91','91','approved','1982-11-18 22:53:13','1979-04-06 09:56:46'),
('92','92','approved','1998-11-19 20:14:20','2013-11-26 02:41:29'),
('93','93','unfriended','1983-09-21 07:30:40','1976-04-07 21:48:33'),
('94','94','unfriended','2018-07-23 10:09:34','2006-08-24 06:49:33'),
('95','95','approved','2018-04-12 20:19:27','2011-05-09 07:25:27'),
('96','96','requested','1998-06-14 22:26:31','1996-05-02 12:19:54'),
('97','97','approved','1970-04-21 10:56:30','1992-11-07 08:44:26'),
('98','98','requested','1986-12-22 20:33:39','1972-05-16 00:28:37'),
('99','99','declined','1984-09-21 06:15:48','1975-08-19 04:26:06'),
('100','100','requested','2020-03-14 00:32:46','2003-01-07 13:42:16'); 


DROP TABLE IF EXISTS `likes`;
CREATE TABLE `likes` (
  `id` bigint(20) unsigned NOT NULL AUTO_INCREMENT,
  `user_id` bigint(20) unsigned NOT NULL,
  `media_id` bigint(20) unsigned NOT NULL,
  `created_at` datetime DEFAULT current_timestamp(),
  UNIQUE KEY `id` (`id`)
) ENGINE=InnoDB AUTO_INCREMENT=101 DEFAULT CHARSET=utf8 COLLATE=utf8_unicode_ci;

INSERT INTO `likes` VALUES ('1','1','1','1991-04-21 18:50:36'),
('2','2','2','2001-12-11 02:46:25'),
('3','3','3','2005-05-22 01:45:37'),
('4','4','4','1986-08-30 23:41:20'),
('5','5','5','2003-08-09 13:45:57'),
('6','6','6','1989-12-01 01:15:56'),
('7','7','7','2015-05-23 18:11:50'),
('8','8','8','1978-05-26 09:58:37'),
('9','9','9','2010-09-29 18:42:13'),
('10','10','10','1988-01-12 02:51:51'),
('11','11','11','1970-05-25 02:40:19'),
('12','12','12','1988-08-15 07:53:47'),
('13','13','13','1982-11-13 23:19:09'),
('14','14','14','2002-03-30 03:08:51'),
('15','15','15','1972-12-13 09:23:57'),
('16','16','16','1973-04-12 00:07:59'),
('17','17','17','1995-11-11 15:22:30'),
('18','18','18','1973-02-26 16:07:28'),
('19','19','19','2010-08-16 06:15:14'),
('20','20','20','2020-05-07 01:47:32'),
('21','21','21','1978-06-23 14:26:43'),
('22','22','22','1974-09-14 15:09:40'),
('23','23','23','2009-06-02 08:33:08'),
('24','24','24','1986-11-21 01:46:31'),
('25','25','25','1986-07-11 23:58:45'),
('26','26','26','2000-10-24 01:04:49'),
('27','27','27','2002-01-25 08:44:33'),
('28','28','28','1999-08-26 20:43:12'),
('29','29','29','2013-05-31 02:32:40'),
('30','30','30','1970-01-01 02:17:27'),
('31','31','31','2006-02-19 16:48:26'),
('32','32','32','1996-04-26 12:29:15'),
('33','33','33','2002-08-30 03:11:01'),
('34','34','34','1988-09-22 16:23:33'),
('35','35','35','2016-09-17 02:57:06'),
('36','36','36','1987-07-01 11:54:18'),
('37','37','37','1983-05-31 02:34:40'),
('38','38','38','1974-09-06 03:23:26'),
('39','39','39','1981-06-05 21:17:05'),
('40','40','40','2004-03-24 07:56:36'),
('41','41','41','2009-07-15 04:08:37'),
('42','42','42','1988-04-10 05:02:51'),
('43','43','43','1981-09-25 16:39:34'),
('44','44','44','2012-01-09 02:04:04'),
('45','45','45','2003-02-08 23:07:31'),
('46','46','46','1978-03-04 17:03:13'),
('47','47','47','1986-03-29 02:48:30'),
('48','48','48','1977-03-16 12:35:50'),
('49','49','49','2018-02-10 18:06:00'),
('50','50','50','1989-09-19 08:54:40'),
('51','51','51','2012-10-01 00:57:01'),
('52','52','52','1975-11-15 00:12:59'),
('53','53','53','2015-07-28 13:27:02'),
('54','54','54','2001-12-31 10:37:33'),
('55','55','55','1984-08-20 04:56:07'),
('56','56','56','2015-11-04 07:52:44'),
('57','57','57','2007-11-25 03:58:47'),
('58','58','58','1986-09-29 02:14:40'),
('59','59','59','2016-11-14 01:06:12'),
('60','60','60','1976-11-20 12:27:00'),
('61','61','61','1997-06-09 15:14:21'),
('62','62','62','1984-05-29 13:13:18'),
('63','63','63','1971-07-20 04:24:13'),
('64','64','64','1979-09-02 12:32:12'),
('65','65','65','1989-04-05 15:26:18'),
('66','66','66','1990-10-21 13:03:57'),
('67','67','67','1970-04-28 02:37:54'),
('68','68','68','1978-06-21 00:53:15'),
('69','69','69','2019-04-11 22:23:02'),
('70','70','70','1993-10-21 09:56:05'),
('71','71','71','1979-07-25 13:01:34'),
('72','72','72','1973-02-11 19:05:59'),
('73','73','73','1971-04-12 10:45:39'),
('74','74','74','2011-07-20 06:26:01'),
('75','75','75','1987-03-05 05:48:07'),
('76','76','76','1996-03-13 04:28:00'),
('77','77','77','1996-04-18 15:51:32'),
('78','78','78','1972-05-17 11:06:07'),
('79','79','79','1978-06-09 15:52:15'),
('80','80','80','1973-07-04 20:16:27'),
('81','81','81','2004-10-05 03:18:06'),
('82','82','82','1997-12-10 16:29:42'),
('83','83','83','1982-04-06 09:11:23'),
('84','84','84','1971-12-19 02:37:43'),
('85','85','85','1973-03-12 08:10:00'),
('86','86','86','1992-06-02 08:25:43'),
('87','87','87','1991-11-12 14:18:07'),
('88','88','88','2016-06-11 10:45:13'),
('89','89','89','2001-07-08 07:21:32'),
('90','90','90','1999-06-26 21:44:45'),
('91','91','91','1972-04-01 16:35:29'),
('92','92','92','2017-07-07 22:55:04'),
('93','93','93','2015-04-21 17:35:47'),
('94','94','94','1980-10-19 04:56:54'),
('95','95','95','1998-12-10 04:58:39'),
('96','96','96','2005-01-08 13:17:07'),
('97','97','97','1983-07-30 10:48:50'),
('98','98','98','1982-03-18 14:36:18'),
('99','99','99','2014-02-16 08:55:09'),
('100','100','100','1972-05-06 17:30:19'); 


DROP TABLE IF EXISTS `media`;
CREATE TABLE `media` (
  `id` bigint(20) unsigned NOT NULL AUTO_INCREMENT,
  `media_type_id` bigint(20) unsigned NOT NULL,
  `user_id` bigint(20) unsigned NOT NULL,
  `body` text COLLATE utf8_unicode_ci DEFAULT NULL,
  `filename` varchar(255) COLLATE utf8_unicode_ci DEFAULT NULL,
  `size` int(11) DEFAULT NULL,
  `metadata` longtext CHARACTER SET utf8mb4 COLLATE utf8mb4_bin DEFAULT NULL CHECK (json_valid(`metadata`)),
  `created_at` datetime DEFAULT current_timestamp(),
  `updated_at` datetime DEFAULT NULL ON UPDATE current_timestamp(),
  UNIQUE KEY `id` (`id`),
  KEY `user_id` (`user_id`),
  KEY `media_type_id` (`media_type_id`),
  CONSTRAINT `media_ibfk_1` FOREIGN KEY (`user_id`) REFERENCES `users` (`id`),
  CONSTRAINT `media_ibfk_2` FOREIGN KEY (`media_type_id`) REFERENCES `media_types` (`id`)
) ENGINE=InnoDB AUTO_INCREMENT=101 DEFAULT CHARSET=utf8 COLLATE=utf8_unicode_ci;

INSERT INTO `media` VALUES ('1','1','1','Qui vel illo omnis molestias soluta autem. Placeat provident at at ut qui incidunt. Nostrum quo iste quaerat ea distinctio alias deserunt quos. Porro illo consequatur delectus et. Accusamus eum facilis debitis consequatur dolor.','fugiat','5',NULL,'1981-12-22 04:27:20','1997-08-01 13:09:50'),
('2','2','2','Cum nesciunt eius voluptatem totam ut ipsa. Voluptates iusto quisquam sunt quia. Natus delectus perferendis aut quasi.','fugiat','0',NULL,'1979-11-28 15:35:05','1977-03-30 23:08:51'),
('3','3','3','Quas magni et dolorem. Dolores architecto recusandae dolorem enim labore. Sequi dolores nihil libero enim.','quis','0',NULL,'1976-01-28 09:56:50','1986-02-13 14:26:26'),
('4','4','4','Vel aliquid reiciendis dolore veniam culpa architecto libero. Et eos nesciunt voluptatem et ratione iure nobis et. Vitae tempore dolorum quis doloribus iusto sed.','ad','609',NULL,'2004-04-29 09:23:11','1995-04-27 05:51:06'),
('5','1','5','Velit alias repudiandae rerum qui. Voluptas cum perspiciatis pariatur ut accusamus possimus amet. Nostrum iste autem quia natus. Quidem quam officia veritatis labore consequatur quod voluptatibus velit.','quaerat','1',NULL,'1978-04-23 11:20:02','2016-08-25 07:28:41'),
('6','2','6','Vel voluptas iste explicabo aliquid aperiam corrupti. Quidem nihil molestiae est consectetur et itaque.','quis','78930',NULL,'1998-05-11 13:26:26','2018-09-17 17:50:03'),
('7','3','7','Sequi debitis consequuntur omnis et esse et. Dolorum illo saepe aut. Voluptas qui beatae reiciendis quia tempora et.','reiciendis','436809',NULL,'1980-05-17 21:15:39','2018-11-07 04:11:19'),
('8','4','8','Unde temporibus velit voluptate perferendis sint facere reprehenderit. Et sed deleniti qui enim praesentium aliquid. Sint itaque maxime ut omnis illo ut quia. Corrupti et distinctio consequuntur ut earum consequatur accusantium.','et','0',NULL,'1989-05-26 21:44:37','1977-01-10 16:07:23'),
('9','1','9','Impedit magni aut nisi eum amet. Sint ad non suscipit autem doloremque. Qui tempora sit quibusdam quibusdam. Molestiae quae qui voluptatem animi quas.','aut','7',NULL,'1982-08-07 03:43:23','1970-10-28 23:18:29'),
('10','2','10','Reiciendis perspiciatis vel reprehenderit. Dolorem enim unde quisquam aspernatur sed maiores sequi. Adipisci et vel eveniet beatae at. Doloribus qui at molestiae corporis.','facere','0',NULL,'2019-08-07 00:44:05','1991-04-06 21:17:21'),
('11','3','11','Harum qui officia quia est vel itaque aut. Quo vitae dolor est sed accusantium non neque magni. Optio nulla saepe a ut. Ducimus est doloremque amet exercitationem voluptate.','quidem','48029549',NULL,'2020-11-25 09:55:21','1990-02-15 02:00:24'),
('12','4','12','Amet debitis aut rerum officia aliquam dolor. Voluptas perspiciatis excepturi blanditiis labore hic qui laudantium error. Fuga quae perferendis consequatur. Autem accusamus odit asperiores quidem.','alias','2384',NULL,'2012-12-07 19:52:25','2000-03-21 23:37:06'),
('13','1','13','Eveniet laudantium et enim odio ut provident cupiditate debitis. Quae delectus asperiores enim aspernatur aut voluptas. Et possimus est enim optio sed quis consequuntur. Adipisci sunt voluptate nulla quaerat.','vel','595519',NULL,'2002-01-03 20:26:38','2002-01-16 00:42:24'),
('14','2','14','Voluptas sed excepturi est odit assumenda sint voluptatem repellendus. Molestiae qui voluptas aut. Quod eveniet neque et exercitationem incidunt.','optio','1',NULL,'2019-02-03 08:13:02','1983-05-10 20:25:01'),
('15','3','15','Pariatur tempore laboriosam atque officia asperiores. Aut tenetur ut praesentium sint commodi pariatur corporis. Soluta aut rerum similique qui voluptatibus dignissimos optio maxime. Voluptate sit deserunt autem nostrum dolorum eligendi.','illo','55129392',NULL,'1994-09-02 16:47:13','2001-04-19 21:22:01'),
('16','4','16','Dolor eius dolor sint enim impedit odit ad. Officia sed iure ut laborum. Incidunt minus repudiandae facilis velit. Aspernatur earum architecto qui molestiae totam velit quo modi.','voluptates','66',NULL,'1999-08-01 16:37:44','1976-02-22 18:17:53'),
('17','1','17','Molestiae consectetur temporibus est saepe autem dolor sed et. Occaecati natus voluptatum explicabo eos incidunt dolorem. Atque modi deserunt eum est quae ut enim et. Quis non quae voluptates a ut nihil.','necessitatibus','5281',NULL,'2015-08-07 11:10:42','2018-01-26 18:09:03'),
('18','2','18','Eos harum expedita voluptates. Ea maxime placeat ab facilis error perferendis et. Vitae ut voluptatem officiis sunt ab odio rerum. Voluptates eum nesciunt occaecati expedita.','nesciunt','885993',NULL,'1999-07-30 06:30:23','1975-11-12 01:13:14'),
('19','3','19','Aut nam culpa enim mollitia tenetur numquam. Accusantium architecto ipsa omnis dolorum. Quia sit aut recusandae eos.','aperiam','922069867',NULL,'1995-04-29 16:21:21','1999-10-06 09:24:15'),
('20','4','20','Quidem ea blanditiis repudiandae et. Voluptas dicta id non consequatur aperiam perspiciatis aut quasi. Doloribus dolor debitis excepturi voluptatem. Est et voluptas ut aut.','accusamus','4748917',NULL,'2001-07-30 04:25:55','1982-04-10 10:12:17'),
('21','1','21','Beatae dolorum qui voluptatem expedita cumque voluptatem quis. Voluptas rem tempora sequi delectus rerum. Eaque praesentium facilis voluptas qui mollitia. Quae debitis magni eveniet quo voluptas aperiam.','eveniet','789',NULL,'2012-04-23 11:14:48','2003-02-01 19:29:04'),
('22','2','22','Aut quis ipsam illo quas. Ex voluptatem animi et sint. Libero quis quaerat aperiam corporis et consequuntur magnam.','et','6327',NULL,'1986-10-02 23:07:38','1981-01-12 01:48:13'),
('23','3','23','Adipisci omnis ut sed nulla excepturi animi. Ab voluptatem cumque sed eligendi rerum quia ipsa. Ullam est veritatis iure dolores perspiciatis quasi sed eos.','sit','1054332',NULL,'1990-02-26 02:13:28','2016-12-01 22:04:36'),
('24','4','24','Et dignissimos est similique minima hic. Laboriosam est consequatur corporis ullam nemo consequuntur.','nam','0',NULL,'1989-02-20 11:16:24','1973-10-12 02:19:20'),
('25','1','25','Omnis quod reprehenderit voluptas earum eveniet nam in cumque. Commodi repudiandae rerum explicabo et quam aut ab est. Et nemo vel sed repudiandae quod hic at. Cupiditate illo voluptas corrupti consequatur quis esse.','nesciunt','810',NULL,'2002-01-03 15:49:50','1982-01-19 15:31:16'),
('26','2','26','Nobis nulla nemo magnam quasi. Neque sed dignissimos harum libero voluptatem.','provident','5438150',NULL,'2000-07-02 03:40:30','2013-10-24 08:27:42'),
('27','3','27','Vitae in harum animi est ullam earum. Quam est tempora quaerat maiores provident. Maiores impedit magnam eum necessitatibus voluptatum esse.','nam','1',NULL,'1981-07-23 16:38:06','2009-02-27 19:47:10'),
('28','4','28','Et nemo non id repudiandae ducimus facilis minus. Non vero possimus recusandae fuga asperiores aut cum. Sunt ipsam quo vel. Repellat a nostrum atque tempora et quod saepe minima. Unde tempore vitae nam odio.','quo','6755201',NULL,'1985-05-09 17:18:26','1995-05-26 11:18:49'),
('29','1','29','Nesciunt non et ratione incidunt. Nostrum ea ratione aut dolores. Voluptatem doloribus laborum iste voluptatem. Possimus id quos eaque.','id','458375',NULL,'2000-12-06 02:44:57','1985-08-17 07:10:49'),
('30','2','30','Veniam dolorum libero rem quos magnam ut. Id fuga nisi est quis dolorem sed. Ea voluptate omnis et accusamus porro. Fugit temporibus aut aut voluptatem beatae ut totam.','et','970787488',NULL,'2017-11-25 08:19:19','1981-06-24 21:20:48'),
('31','3','31','Quis mollitia dolorem quasi est vel consectetur corporis magnam. Earum perspiciatis ducimus ab molestiae. Nemo mollitia tenetur laborum.','deleniti','79905687',NULL,'1983-08-13 03:40:40','1982-02-26 11:52:13'),
('32','4','32','Voluptas sit est et. Maiores qui beatae illo aut et quia eum. Est et excepturi doloremque illum.','aut','12304',NULL,'2014-12-03 09:08:43','2010-05-05 04:27:43'),
('33','1','33','Vel dolor a eligendi. Et ipsa aperiam vero numquam quaerat molestiae ducimus. Velit fugiat non doloremque voluptas.','blanditiis','9644335',NULL,'1975-11-25 13:00:12','1972-01-05 19:57:58'),
('34','2','34','Deserunt necessitatibus ratione aut distinctio. Nam sit fugit dolorem adipisci quidem accusantium iure. Minima deserunt autem aliquam occaecati architecto minima.','sint','987292675',NULL,'1983-01-03 16:10:43','1998-06-04 18:07:35'),
('35','3','35','Eius impedit maxime omnis quis. Vel distinctio quos et autem et debitis. Et esse saepe dolor accusamus enim ea. Et et id assumenda quidem.','fuga','1',NULL,'2018-04-16 13:20:17','2009-11-07 19:04:51'),
('36','4','36','Ducimus velit perferendis vel nulla minus ut vel eaque. Distinctio occaecati et corporis in quia quis ut perspiciatis. Deleniti doloribus corporis dolorem alias quidem nihil. Dolorem cumque et nulla dolor optio est.','optio','3',NULL,'2020-01-04 14:50:45','1994-05-19 22:06:25'),
('37','1','37','Et quas itaque debitis. Minima voluptates sunt voluptatem sit tempore possimus. Accusamus vitae nam rem impedit et.','ut','0',NULL,'1993-08-31 05:51:00','1996-03-09 20:01:29'),
('38','2','38','Recusandae ut vel ipsa consectetur necessitatibus magnam omnis voluptas. Perspiciatis libero fugit fugiat autem ex. Quia modi debitis ad magnam nam ut vero.','animi','2296',NULL,'1998-10-13 17:12:17','2018-03-06 21:17:08'),
('39','3','39','Impedit qui dicta fugiat. Consequatur et veritatis est qui. Qui tenetur architecto quis tenetur saepe.','quod','912496',NULL,'1992-04-12 16:36:42','2008-06-30 23:04:48'),
('40','4','40','Autem dolor dolore earum ex voluptatibus ducimus. Quasi quae blanditiis provident tempore sunt vero. Omnis ad culpa quae quas libero qui in.','quam','1005682',NULL,'1979-12-14 19:03:19','2007-12-25 18:34:02'),
('41','1','41','Consequatur fugit asperiores officiis repellendus non qui. Ut ut illo ea quia deserunt assumenda incidunt est. Veritatis fugiat rerum et.','sunt','0',NULL,'2011-03-04 17:02:27','1986-05-26 23:57:52'),
('42','2','42','Sed rerum debitis consequuntur expedita consequatur. Quidem maiores quia consequuntur nam mollitia facere. Velit quasi tempore deleniti et.','ducimus','30',NULL,'2000-01-17 03:46:57','2015-10-02 16:50:16'),
('43','3','43','Quia porro libero et ipsa sunt omnis dolor. Fugit nihil cumque ut velit quasi pariatur beatae ex. Veritatis quos nemo laboriosam numquam dicta fugit.','sed','7',NULL,'2011-11-15 20:27:00','1979-08-24 01:36:44'),
('44','4','44','Eum consequatur odit perferendis qui. Voluptas illum qui voluptates ratione nesciunt rerum qui.','et','14983508',NULL,'1992-08-15 06:25:10','1971-07-06 19:49:29'),
('45','1','45','Aut ipsam qui et. Aut voluptate officiis sunt ipsum et quos blanditiis. Dolores illo porro minima eligendi voluptates.','ipsum','17170',NULL,'2014-08-17 08:11:03','1998-04-08 00:25:59'),
('46','2','46','Error qui quia voluptatem libero eligendi. Omnis ipsum et distinctio sequi voluptates. Nobis laboriosam et quae incidunt. Rerum alias ad ut.','consequatur','778550590',NULL,'2018-08-18 23:18:41','2020-12-03 12:26:54'),
('47','3','47','Molestiae cumque consequatur esse nisi. Et corporis molestiae perferendis ea dolorem nihil. Enim quia quis necessitatibus rerum aut.','eveniet','0',NULL,'1981-10-24 01:26:44','1979-08-29 11:33:15'),
('48','4','48','Dolores rerum qui libero consequatur et officia. Deserunt iste molestias sed ipsam aperiam. Autem laboriosam adipisci cupiditate recusandae dicta eos accusantium nesciunt. Voluptatem tempore voluptatem omnis.','doloremque','69921',NULL,'2002-08-23 01:47:21','1972-07-22 14:28:26'),
('49','1','49','Labore dicta ut dolorem rem. Et nihil laborum et velit labore necessitatibus ipsum. Et omnis eos corrupti molestiae vero ut placeat.','rem','0',NULL,'2003-08-10 22:49:38','1981-04-15 19:47:47'),
('50','2','50','Totam quaerat asperiores et. Omnis excepturi exercitationem tempora doloremque blanditiis.','unde','524',NULL,'1981-01-14 16:00:40','2000-11-03 18:52:03'),
('51','3','51','Corporis consequuntur qui quam voluptates nam. Ratione blanditiis nulla natus aspernatur similique temporibus modi veniam. Aut et accusamus veniam dolorem dolores fugiat quia beatae. Ipsam officiis nesciunt quam in amet.','quos','8515',NULL,'2012-10-12 03:10:48','1984-12-15 22:06:26'),
('52','4','52','Quo debitis accusamus sequi natus laboriosam. Doloribus ipsa minus minima qui ullam temporibus laborum. Possimus distinctio reiciendis qui est. Modi aut blanditiis provident ut praesentium.','est','1929',NULL,'1972-03-17 21:52:42','1996-11-22 15:33:03'),
('53','1','53','Nostrum quia repellendus ut et reprehenderit alias aperiam quibusdam. At et delectus et quasi sint quis ea. Rerum cupiditate consequuntur quia sit. Ullam quia expedita temporibus eos.','dignissimos','0',NULL,'2000-05-29 10:41:19','1995-01-08 21:16:49'),
('54','2','54','Id voluptates cum amet at. Corporis molestiae debitis vel. Exercitationem dolores exercitationem qui debitis sed expedita possimus optio. Qui facere asperiores adipisci voluptas pariatur porro nihil.','sequi','1',NULL,'1992-02-08 00:01:46','1977-11-25 18:27:26'),
('55','3','55','Nam asperiores ut ut laboriosam quasi omnis nam. Doloribus dolorum quis magni.','tenetur','886',NULL,'1998-02-04 16:57:40','1982-07-08 01:41:50'),
('56','4','56','Non tempore perspiciatis adipisci esse quaerat. Rerum laborum expedita et cumque veniam et. Autem asperiores ipsa est.','commodi','95',NULL,'2014-07-22 16:26:28','1973-12-27 13:52:46'),
('57','1','57','Iste omnis molestiae ut eum quo. Cum est molestiae tenetur et. Aliquid ut saepe pariatur veniam qui non est.','aut','9',NULL,'1985-11-29 20:14:13','1995-07-21 16:34:47'),
('58','2','58','Nemo blanditiis voluptatem sunt dolorem quasi rem dolores. Dolorem occaecati explicabo voluptatem. Accusamus dolor dolores dolor et repellat. In nulla odio reprehenderit molestiae. Dolores dolor est est aliquid.','in','0',NULL,'2001-05-21 03:02:37','1973-11-19 13:54:34'),
('59','3','59','Odio unde odit sed et. Fugit minima corporis ut provident minima ea ut. Architecto maiores itaque quia ducimus sit eos. Velit ea autem inventore ratione est commodi tempore.','iure','29',NULL,'2006-03-31 18:41:05','1994-11-30 15:56:51'),
('60','4','60','Veritatis quia modi odit recusandae ex. Voluptatem nesciunt placeat sed et sit. Mollitia reprehenderit laudantium similique. Quia est tenetur rerum sed et sint.','dolorum','0',NULL,'1971-06-27 23:35:38','2018-10-26 01:32:10'),
('61','1','61','Autem nobis consectetur eos facere ea natus quis. Harum sit dolores expedita qui inventore rem. Consequatur iusto molestiae tenetur aperiam quod dicta. Quibusdam rem consequatur ut eligendi.','odit','68021589',NULL,'2003-08-18 04:41:13','1975-07-30 08:26:27'),
('62','2','62','Vel est laboriosam labore molestiae et suscipit. Cupiditate quia et fuga harum. Quos impedit in in quas laudantium occaecati quidem.','voluptatem','171272086',NULL,'2014-01-20 12:17:05','2019-05-07 21:24:59'),
('63','3','63','Eum in consequatur mollitia ut cupiditate. Praesentium reprehenderit ut nostrum est accusamus pariatur rerum. Eos voluptatem itaque tempore blanditiis. Vero pariatur quam quia necessitatibus velit.','et','313574',NULL,'1980-11-25 11:46:09','1973-02-23 15:13:26'),
('64','4','64','Animi et maxime eius. Cumque dolorem maxime eum tempore. Et sapiente saepe aliquid accusantium. Incidunt tenetur eius ipsa qui.','explicabo','406763',NULL,'2004-01-07 12:50:55','1994-02-15 07:51:25'),
('65','1','65','Nemo reiciendis eligendi itaque cupiditate. Dolorem cum cumque sequi iure exercitationem. Non officia sit quos sit.','ab','72987',NULL,'1996-06-22 11:12:55','1978-04-23 05:02:11'),
('66','2','66','Porro error atque non magni dolorem accusantium omnis. Quo dolor nam nam beatae. Ad et voluptas sit enim ea possimus. Rerum neque quod non et. Saepe doloremque voluptatem eveniet.','esse','6935083',NULL,'2005-01-30 03:58:07','1998-05-26 03:39:56'),
('67','3','67','Unde illum eos quidem est blanditiis in dolore vero. Voluptate commodi amet sint quaerat accusantium sed dolores molestias. Quia ea cumque ipsum suscipit at. Voluptatum non vel velit dolorum autem sunt et.','dolores','788113823',NULL,'1992-11-19 09:21:19','2020-05-05 23:14:54'),
('68','4','68','Cum ipsa quos tenetur facere. Vitae velit labore et qui veniam. Sit voluptas modi veniam nesciunt reprehenderit consectetur esse sed. Consequuntur eos veritatis fugiat animi error.','magni','0',NULL,'1997-03-16 04:24:08','1975-03-01 16:48:24'),
('69','1','69','Soluta quibusdam eos accusamus et perspiciatis. Est suscipit qui eum distinctio ad aut et eligendi. Dolor officia omnis sit quos ad.','vel','9593',NULL,'2020-01-25 14:54:16','2010-11-18 09:51:03'),
('70','2','70','Dolor velit odit est reiciendis qui. Est recusandae et dolor facere modi delectus autem. Placeat quam eius doloribus non exercitationem est distinctio pariatur. Ratione reiciendis et qui fugit.','mollitia','68',NULL,'2019-03-06 15:39:05','2009-12-02 06:48:47'),
('71','3','71','Dolor perferendis est est mollitia soluta impedit. Repudiandae ab occaecati architecto optio est. Error adipisci debitis ipsam repellat dolorum. Perspiciatis autem sed ut ipsa omnis itaque repellat.','quos','4',NULL,'2014-02-09 14:33:08','2015-11-17 10:45:05'),
('72','4','72','Et aut earum dolor illum dolores. Aut doloribus et modi non quo voluptates amet nobis. Ut eaque voluptas pariatur minus vero. Voluptatem ut iusto voluptas porro.','quam','9',NULL,'2016-07-15 19:58:53','2014-04-20 10:24:07'),
('73','1','73','Labore quo hic doloremque id. Ut quo laborum incidunt. Facere excepturi consequuntur nostrum.','sint','67674',NULL,'2009-08-23 00:07:38','1997-07-17 03:29:25'),
('74','2','74','Et quam omnis libero facilis eos. Placeat cum autem illo tempore animi nesciunt dolores. Itaque est quisquam rerum impedit.','voluptas','0',NULL,'1976-08-30 03:52:12','1974-02-20 19:17:30'),
('75','3','75','At nesciunt velit ea maiores consectetur. Velit assumenda est dolores aut in velit. Dolor aperiam omnis et ea saepe et.','quisquam','7',NULL,'2018-10-05 03:32:09','1972-12-08 01:54:53'),
('76','4','76','Aut maxime sed ducimus voluptate. Distinctio accusantium quo est consequatur. Ipsam architecto voluptatem facere eveniet nihil quo et. Sed non est nostrum tenetur exercitationem.','placeat','83',NULL,'1975-04-03 04:45:15','2009-01-12 17:55:06'),
('77','1','77','Est quisquam qui voluptatibus vero eaque velit facilis. Veniam sint facere aspernatur accusantium nulla. A dignissimos minima aliquam rerum voluptatem.','et','7889',NULL,'1997-01-15 08:13:31','1992-04-19 15:40:12'),
('78','2','78','Sed sed sunt non laborum totam. Cumque laudantium voluptatibus error consequuntur. Debitis omnis optio quis sunt error enim recusandae.','incidunt','9607',NULL,'1990-08-27 09:12:31','2009-04-30 23:08:36'),
('79','3','79','Ducimus qui sed dolorem cum qui magnam reprehenderit. Optio quia quae ipsam autem nulla numquam sed. Aut molestiae dolor quo saepe sint est.','aut','801',NULL,'1981-09-06 08:25:04','1988-10-19 07:11:43'),
('80','4','80','Quibusdam voluptates ullam ipsa itaque. Quibusdam at aut non ducimus odit. Doloremque sunt fuga quia ducimus. Consequatur cum nam deserunt ad. Vitae possimus sed vero adipisci similique.','culpa','60125',NULL,'2002-08-24 06:01:19','1971-06-09 15:48:51'),
('81','1','81','Quidem repudiandae suscipit hic omnis consequatur saepe earum. Ut sed suscipit suscipit ut possimus laboriosam. Numquam dolores temporibus aut id.','sed','90414',NULL,'1979-02-17 13:04:17','1990-10-27 09:40:08'),
('82','2','82','Voluptatem veritatis ipsa enim sint voluptatum. Magnam deleniti eos voluptatibus et et nulla.','quam','265605',NULL,'1982-02-20 00:30:57','2012-09-10 07:13:01'),
('83','3','83','Laborum suscipit animi modi consequatur sint quibusdam. Explicabo distinctio aliquam laudantium nihil tempore quaerat. Nihil similique dolorem voluptatem.','explicabo','4',NULL,'2017-11-02 05:16:41','2013-10-17 15:28:54'),
('84','4','84','Quaerat modi sed repellendus non. Ad voluptas tenetur inventore nisi.','rem','3',NULL,'1978-08-09 09:21:30','1977-06-13 14:19:09'),
('85','1','85','Est ipsam voluptatem et accusantium qui eum. Voluptatem sed iste consequatur in. Sint pariatur dolor sed tempore. Laboriosam repellendus necessitatibus quia aut quisquam pariatur.','quia','1',NULL,'1974-05-10 03:50:06','1975-12-20 03:10:23'),
('86','2','86','Est earum quos molestiae dicta pariatur non esse. Necessitatibus dolorem et iure sit cum. Nostrum itaque earum inventore sed omnis itaque facilis ab. Fugiat praesentium voluptatem in similique voluptatem.','autem','5687',NULL,'2005-03-12 07:33:31','1978-09-14 11:56:07'),
('87','3','87','Voluptatem occaecati cupiditate est et impedit delectus incidunt. Et aut error nobis accusamus voluptatem. Doloremque ullam excepturi ipsam exercitationem veniam dolores. Necessitatibus aut voluptates explicabo hic qui rem ea.','non','5282',NULL,'1983-12-31 19:12:02','1971-10-16 17:16:15'),
('88','4','88','Illo quos delectus voluptas id laborum error ipsum. Itaque quis repellat aspernatur incidunt. Eligendi rerum accusamus necessitatibus quis animi. Nam doloremque debitis minima et voluptas non esse.','vero','0',NULL,'2017-05-29 02:02:21','2020-08-30 22:24:22'),
('89','1','89','Beatae ullam recusandae et eligendi porro delectus facere. A quis esse voluptatem esse. Ducimus ipsum voluptatem quas architecto voluptatem. Sequi ea dolores omnis aliquam corrupti dolorem quia vero.','nam','15019',NULL,'1977-10-30 15:24:09','1993-07-18 17:10:49'),
('90','2','90','Iure consequatur quasi enim repellendus quia voluptatem. Recusandae suscipit ab pariatur et et dolor exercitationem. Maxime corporis dolore qui est. Nulla laboriosam magnam eaque assumenda impedit nobis nulla molestiae.','quos','2',NULL,'1989-12-09 08:21:33','2006-09-22 00:41:59'),
('91','3','91','Est nemo quae illum facere qui dolor. Corrupti praesentium aperiam repudiandae cum. Porro numquam ex est qui ut repellat. Perspiciatis provident est quaerat distinctio.','qui','8483389',NULL,'1996-12-28 18:34:08','1977-12-24 12:18:31'),
('92','4','92','Harum exercitationem nihil exercitationem sed aspernatur. Iure culpa illum rerum dolores ullam architecto. Ea consequatur magni nesciunt quas.','sapiente','403191',NULL,'1982-09-26 13:11:17','2018-05-31 15:51:20'),
('93','1','93','Debitis fugiat voluptatum et tempore cum est quod tempore. Quam delectus debitis enim quibusdam praesentium esse. Cum aut rerum voluptatibus molestiae ut odio modi. Mollitia dolorem animi veniam enim.','quia','34904402',NULL,'2004-04-18 22:08:34','1980-01-21 21:58:52'),
('94','2','94','Vitae quisquam et alias. Non aut sit enim. Vel quae dolore itaque omnis excepturi.','ut','2',NULL,'1973-08-19 13:48:35','1976-02-08 14:22:54'),
('95','3','95','Dolores neque explicabo mollitia possimus delectus sint. Quia velit et quia omnis facilis incidunt. Eum eaque impedit accusantium dolorum et.','sed','954695',NULL,'2006-09-07 13:37:06','1999-02-15 22:11:32'),
('96','4','96','Quis dolore facilis eius in minima reprehenderit non. Ut reprehenderit blanditiis beatae nam. Omnis quia aliquid est tempora ut.','nemo','6',NULL,'1984-07-19 06:26:38','1998-02-26 23:26:56'),
('97','1','97','Tenetur et explicabo sed molestias laudantium quos vitae unde. Est sit ut perspiciatis. Nemo ullam dolores commodi facilis iure nihil. Nihil sapiente dolorem dicta rem ut itaque.','minima','455',NULL,'2003-10-14 20:25:35','1986-12-06 01:04:20'),
('98','2','98','Et quod sunt soluta unde illum. Et et dolorum quos sapiente et. Impedit alias beatae impedit tempore in. Ratione repellendus sunt rerum consequuntur.','qui','628861',NULL,'1996-03-12 10:17:44','2013-01-31 01:37:04'),
('99','3','99','Esse quam repellat illum est voluptates cupiditate nostrum. Et aliquid voluptas architecto. Vero quisquam dolor aliquam eius.','cum','36043',NULL,'2002-12-11 23:18:56','1985-02-01 07:35:22'),
('100','4','100','Sit aperiam provident asperiores. Et maxime eaque et velit doloribus optio earum. Quisquam ullam delectus voluptatibus tempore accusamus temporibus qui. Quo reprehenderit tempora minima ab eum ut dolore maxime.','accusamus','228120092',NULL,'2004-02-06 06:53:00','1974-12-04 23:39:46'); 


DROP TABLE IF EXISTS `media_types`;
CREATE TABLE `media_types` (
  `id` bigint(20) unsigned NOT NULL AUTO_INCREMENT,
  `name` varchar(255) COLLATE utf8_unicode_ci DEFAULT NULL,
  `created_at` datetime DEFAULT current_timestamp(),
  `updated_at` datetime DEFAULT NULL ON UPDATE current_timestamp(),
  UNIQUE KEY `id` (`id`)
) ENGINE=InnoDB AUTO_INCREMENT=5 DEFAULT CHARSET=utf8 COLLATE=utf8_unicode_ci;

INSERT INTO `media_types` VALUES ('1','est','1975-02-19 17:03:07','1980-09-25 16:09:26'),
('2','harum','1980-09-08 03:48:37','1980-04-12 00:18:47'),
('3','ut','1976-07-29 18:38:25','1985-08-04 10:46:22'),
('4','est','1995-08-30 20:45:21','1972-11-25 09:21:09'); 


DROP TABLE IF EXISTS `messages`;
CREATE TABLE `messages` (
  `id` bigint(20) unsigned NOT NULL AUTO_INCREMENT,
  `from_user_id` bigint(20) unsigned NOT NULL,
  `to_user_id` bigint(20) unsigned NOT NULL,
  `body` text COLLATE utf8_unicode_ci DEFAULT NULL,
  `created_at` datetime DEFAULT current_timestamp(),
  UNIQUE KEY `id` (`id`),
  KEY `from_user_id` (`from_user_id`),
  KEY `to_user_id` (`to_user_id`),
  CONSTRAINT `messages_ibfk_1` FOREIGN KEY (`from_user_id`) REFERENCES `users` (`id`),
  CONSTRAINT `messages_ibfk_2` FOREIGN KEY (`to_user_id`) REFERENCES `users` (`id`)
) ENGINE=InnoDB AUTO_INCREMENT=101 DEFAULT CHARSET=utf8 COLLATE=utf8_unicode_ci;

INSERT INTO `messages` VALUES ('1','1','1','Aut minima nemo rerum rerum laboriosam. Molestiae accusantium dolores a. Excepturi assumenda voluptatem ut consequatur eos earum laboriosam facere. Perspiciatis ipsa atque odio ratione quidem molestiae.','2019-07-13 13:29:47'),
('2','2','2','Voluptates dolor natus autem cupiditate quibusdam rerum. Adipisci earum provident est doloribus repellat quidem. Corporis libero et iste iure nemo aliquid.','1991-09-25 14:10:53'),
('3','3','3','Voluptatibus voluptas reiciendis accusantium maiores nihil ducimus et id. Voluptate vitae quam deserunt ipsum. Nobis provident odio quo saepe.','1999-07-14 09:28:54'),
('4','4','4','Quia doloribus deserunt quia ut ut nihil. Reprehenderit quo omnis corporis illo error. In eos quasi error libero aut amet. Quis autem rerum fugiat quo.','2013-12-08 05:00:05'),
('5','5','5','Eveniet vel ullam optio deleniti voluptatem. Et rerum ab est laudantium. Quidem iusto mollitia reprehenderit facere dicta repellat ut.','1991-09-19 09:30:45'),
('6','6','6','Quasi vitae ipsa aliquam deserunt ratione quaerat vel. Libero rerum neque ut quia error possimus. Perferendis aperiam qui natus sint magnam. Eum optio quia provident veritatis. Neque mollitia accusamus eaque.','1987-04-11 23:57:05'),
('7','7','7','Explicabo qui cupiditate molestias. Nihil occaecati est accusantium perferendis ut qui. Accusantium quo sit tempore ut qui error. Aliquid quis qui saepe nihil delectus corporis.','1998-08-04 12:40:09'),
('8','8','8','Ea perferendis mollitia nisi. Velit officiis ut aut totam quia et. Quo voluptate suscipit id reiciendis optio. Consequatur debitis necessitatibus quis.','1981-09-01 10:59:40'),
('9','9','9','Recusandae laudantium at soluta porro rerum placeat dolor. Alias sed non est eligendi amet et consequuntur. Numquam est beatae consequatur molestiae ullam.','1976-02-25 14:58:35'),
('10','10','10','Optio dolorem rerum doloremque asperiores est enim esse sint. Sed molestias assumenda aperiam quam similique ipsam adipisci consequuntur. Quis eum sunt quod et natus est. Minima officia rem tenetur numquam nihil id a quia.','1988-03-02 06:22:46'),
('11','11','11','Sint et sit sed nesciunt similique ratione ducimus. Quia voluptatem atque officia veritatis et. Dolorem culpa ut eum esse. Quod ea fugit et aut. Sunt alias ex laboriosam id accusamus magnam sed inventore.','2013-08-31 19:34:43'),
('12','12','12','Ut corporis neque molestiae rerum voluptatum. Et voluptates repellendus nihil inventore iste necessitatibus non. Deleniti et perspiciatis voluptate sunt quos soluta. Quaerat accusantium laudantium iusto vitae occaecati non veniam.','1988-06-11 00:40:44'),
('13','13','13','Culpa laborum maxime unde quae quisquam laudantium voluptatibus omnis. Voluptatem dolores culpa necessitatibus quasi omnis laudantium voluptatem. Et dicta eligendi ut illum voluptatem dicta est. Eum quia laudantium nobis.','1979-12-29 07:39:25'),
('14','14','14','Debitis quibusdam possimus eveniet sed quisquam nobis. Mollitia dolorem est eligendi sint sed maxime quos. Saepe dolor animi quia aspernatur.','1993-06-23 13:56:34'),
('15','15','15','Et impedit ut facere a ut. Quis ut qui cum eaque voluptates quo soluta explicabo.','2002-04-12 06:12:49'),
('16','16','16','Iure est qui voluptas qui delectus accusamus neque. Exercitationem optio eos non omnis sapiente consequatur beatae. Incidunt repellat animi vitae ea inventore doloribus. Perspiciatis et perspiciatis qui distinctio.','2012-08-03 10:29:02'),
('17','17','17','Aspernatur doloribus architecto qui eos et accusantium rerum consequatur. Reprehenderit praesentium ea pariatur adipisci. Beatae quisquam sit debitis veritatis officiis.','1998-06-28 09:33:34'),
('18','18','18','Impedit deserunt et omnis dolorem modi qui. Est cupiditate praesentium voluptas eum. Deleniti voluptatem sint voluptatem ab suscipit aperiam. Dolorem sequi est officia quo at.','1997-03-13 02:54:13'),
('19','19','19','Dolor recusandae possimus et tempore commodi. Eum dolorem nihil amet nisi corrupti et perspiciatis a. At cumque quis qui eaque minima sed velit et.','2020-09-18 17:44:42'),
('20','20','20','Velit dolor et et ut. Deserunt minus tempora rem. Velit ipsum ut ut eius velit eligendi laudantium cumque. Adipisci ad voluptate commodi tempora suscipit ad.','1988-09-16 22:06:04'),
('21','21','21','Perspiciatis fuga blanditiis et nostrum. Aspernatur quia deserunt tenetur veniam id sit.','2007-01-09 21:15:23'),
('22','22','22','Voluptas vel neque impedit omnis quia sit. Aut enim reprehenderit vel temporibus et assumenda. Cum itaque qui accusamus aperiam temporibus autem. Tenetur in sed eum rem ut occaecati id.','1981-07-30 20:18:40'),
('23','23','23','Eum sed quam sit dolore illum fugiat et. Accusamus et qui neque blanditiis. Aut dolorum voluptatem a voluptatum sed.','2000-02-12 12:23:15'),
('24','24','24','Blanditiis itaque doloremque eaque qui eos deleniti. Tempora eaque nam laudantium dolor omnis et officia. Et voluptatem atque voluptatem non consectetur omnis maiores.','1976-11-07 17:49:16'),
('25','25','25','Itaque qui maiores pariatur. Quia eos aliquid non incidunt. Deleniti ut velit officiis consequatur et cupiditate praesentium.','1987-10-07 17:27:44'),
('26','26','26','Assumenda suscipit sed impedit debitis sed. Suscipit sed tempore rerum maiores. Voluptas corporis voluptatem id.','2000-07-09 07:03:00'),
('27','27','27','Est assumenda recusandae vitae voluptatibus numquam. Asperiores voluptas vel necessitatibus nulla. Laborum atque eum sit at quia in.','1973-08-23 15:53:48'),
('28','28','28','Repudiandae vitae sit molestias. Beatae iusto placeat quas reprehenderit. Sint quo ipsam amet iure eveniet repellendus.','2008-03-29 16:39:38'),
('29','29','29','Cupiditate doloribus dicta nostrum eum debitis dolore. Assumenda non blanditiis sit similique architecto. Rerum nam sit minus at. Dolorum sit libero non.','2020-03-23 03:54:15'),
('30','30','30','Et odit nam aut dolores consectetur. Et dolores voluptas porro autem. Aliquam aspernatur inventore consequatur.','1999-12-31 21:51:13'),
('31','31','31','Excepturi asperiores quidem temporibus nostrum id unde. Omnis sit ducimus molestiae magnam earum suscipit quo. Perferendis et tenetur possimus maiores.','1991-08-19 07:56:21'),
('32','32','32','Adipisci aperiam molestias aliquid. Facere quia nihil qui quidem saepe tempora eius. Nihil accusantium eius reiciendis non aut.','1979-03-09 17:11:59'),
('33','33','33','Sit quis dolores magni nisi. Amet perspiciatis sint illo ex. Velit libero iste omnis itaque. Sit qui rerum commodi necessitatibus.','1978-02-24 06:16:53'),
('34','34','34','Qui aut provident sed corporis a. Dolorem ducimus consequuntur facere. Voluptatibus modi ut accusamus ex pariatur. Veritatis provident id et temporibus.','1998-01-29 06:36:36'),
('35','35','35','Voluptas vel adipisci ad repellendus et aut nesciunt. Inventore exercitationem dolor eum et. Molestiae ex aut est quaerat ex. Sequi provident rem vel dolor voluptas cumque nulla.','1982-09-04 06:05:36'),
('36','36','36','Necessitatibus quae non dolor. Molestias ad aut quas dolores nam. Soluta maiores et eos nam sunt necessitatibus ipsum. Ullam adipisci delectus dolorum nisi voluptas accusamus.','1998-12-26 20:25:21'),
('37','37','37','Sit ipsum natus dolorem rerum reprehenderit excepturi. Tempore repellat quas eligendi magnam quo quia animi. Maiores minus ut eligendi rem perspiciatis.','1991-09-20 20:27:03'),
('38','38','38','Qui dicta nobis voluptatem qui tenetur. Est deleniti placeat ipsum qui amet ut est. Tempore aut eius qui vel. Dolores occaecati soluta sapiente error.','1986-11-04 20:00:03'),
('39','39','39','Esse iure doloribus deleniti minima est enim magnam. Consequuntur praesentium ea nobis beatae eius dolore dolor explicabo. Aut vel vero placeat aut molestiae architecto maiores. Voluptates incidunt ea est dicta et rerum.','1974-10-26 00:05:59'),
('40','40','40','Vitae recusandae sunt nihil repellendus nemo nostrum aspernatur. Quam doloribus neque tempore sunt unde voluptas. Maxime debitis ut pariatur. Odit quod quasi aspernatur sit est.','1973-08-07 16:41:54'),
('41','41','41','Nihil totam alias eius aliquam vitae. Aut placeat minima quas. Perspiciatis amet eius et voluptatibus magnam fuga nam. Consequuntur nam nemo veritatis dolores a corrupti et.','1993-06-28 17:52:10'),
('42','42','42','Consequatur sunt et est neque aut qui. Mollitia laborum commodi ea. Enim autem repellendus amet incidunt sit et repellendus.','1985-06-22 12:12:00'),
('43','43','43','Impedit dolore voluptatum veritatis aliquam eos dolores. Occaecati labore sunt at neque. Accusantium natus error excepturi autem aut. Dolorem necessitatibus quis quis explicabo.','2020-02-01 03:10:37'),
('44','44','44','Ex cupiditate tempora ipsam ex temporibus velit. Et totam ad officia ex a temporibus.','2012-09-20 05:57:09'),
('45','45','45','In quo dolorum mollitia provident cumque. Possimus eveniet consectetur recusandae assumenda rerum. Ex ex repellat enim enim et dolor vitae. Quisquam praesentium ipsa rerum dicta.','2010-12-01 06:43:13'),
('46','46','46','Sunt hic et veritatis assumenda veniam nobis exercitationem. Soluta qui et sunt quidem vero et rerum iure. Quaerat doloribus officiis est voluptatum error. Ea debitis qui deserunt dolorem.','1976-02-18 11:18:37'),
('47','47','47','Facilis ducimus sapiente officiis voluptatibus. Aut placeat asperiores nihil aliquam iure a perferendis. Est sed harum nihil hic et ut voluptas. Dignissimos labore impedit rerum ut nostrum qui.','1998-01-01 01:06:56'),
('48','48','48','Nesciunt repellat quaerat ipsam quia consequuntur et deserunt. Et tempore consequatur rerum distinctio beatae. Facere voluptas asperiores eaque voluptatem at porro voluptatibus. Quo enim dignissimos sint officiis eligendi.','1979-10-19 15:17:15'),
('49','49','49','Atque ut ullam repudiandae vel sit aut. Quasi cupiditate qui numquam velit doloribus vel. Reiciendis modi sed voluptatem dicta sit in. Inventore similique fugit ipsam nostrum sit dolor voluptas.','1996-03-14 09:44:07'),
('50','50','50','Earum excepturi distinctio dolorem quis ut. Laboriosam repudiandae ut eos nisi non. Blanditiis facere et perspiciatis dolores quia quaerat impedit.','2014-08-15 14:16:06'),
('51','51','51','Consequatur incidunt quos ut natus. Ipsa aspernatur unde omnis velit. Quia dolores porro numquam enim culpa non.','1980-04-30 00:04:28'),
('52','52','52','Corrupti illo esse recusandae quasi aut ipsam. Quo reiciendis rem tempora placeat. Debitis quia qui quia cupiditate et eveniet ad.','2019-11-20 10:52:39'),
('53','53','53','Consequatur officia maxime repudiandae ipsum repellendus consequuntur ab aut. Similique dolor eligendi et eligendi ut sed. Asperiores ut minima vel fugit ad.','2019-06-05 17:31:11'),
('54','54','54','A quidem hic quia. Dolores culpa occaecati provident. Nulla ut eum incidunt quo est perferendis. Ratione aspernatur ex non corrupti sequi sit laudantium et.','2020-05-20 17:44:56'),
('55','55','55','Fugiat deleniti et voluptatem nulla sint temporibus. Aut voluptatem odio quasi blanditiis et. Unde doloremque aut distinctio quia voluptatum. Fugit nulla aut nostrum eaque ipsum eaque a.','2001-07-09 13:53:10'),
('56','56','56','Optio occaecati soluta nihil enim nam tenetur ex. Deleniti voluptatem nulla facere consequatur hic. Qui quo adipisci quam omnis impedit ratione at.','2016-05-05 08:56:59'),
('57','57','57','Aliquid eos itaque recusandae omnis praesentium. Occaecati optio excepturi vel et ipsam. Voluptates qui ratione in aperiam.','2006-09-07 13:50:48'),
('58','58','58','Velit doloremque dolor nihil autem et hic in ut. Architecto perferendis et autem nisi in quia mollitia aut. Temporibus eaque ratione magni minus voluptatem officiis. Soluta deleniti aliquam accusamus corporis reprehenderit.','2019-12-03 14:19:44'),
('59','59','59','Occaecati commodi itaque sunt animi. Totam aspernatur autem est saepe iusto. Ut consequatur explicabo eius incidunt. Dolor voluptas molestias soluta eaque et ratione.','1978-07-25 06:30:38'),
('60','60','60','Cum non minima quo error reprehenderit dolores. Laborum numquam dicta harum illo sapiente occaecati. Quibusdam illo sapiente sit incidunt inventore occaecati est.','1999-03-19 18:46:58'),
('61','61','61','Ut voluptas totam quia possimus eaque architecto minima. Cumque inventore maiores sequi. Inventore amet voluptas quia et qui. Est libero necessitatibus voluptatum et.','2012-06-05 00:49:42'),
('62','62','62','Vel reprehenderit et quis maxime omnis velit sunt. Aliquid nulla voluptatem voluptate a consequatur accusamus quas. Et eligendi vitae inventore corrupti magnam inventore. Dolor aut laudantium provident deleniti.','1987-03-29 23:14:43'),
('63','63','63','Cumque nostrum qui voluptatibus doloremque. Quis et qui tenetur iure commodi. Voluptate odit doloribus occaecati quod maxime non quaerat. Est vel reprehenderit reprehenderit at natus ipsum.','1989-08-14 05:34:07'),
('64','64','64','Pariatur molestiae harum consectetur et et illo. Tempora vel odit temporibus quia et dolores. Porro pariatur libero ullam natus maxime velit quaerat voluptates.','2002-01-01 03:14:18'),
('65','65','65','Cumque quis expedita similique corrupti natus blanditiis. Qui voluptatibus repudiandae ipsum rerum ab aut. Perspiciatis ad officia sit.','1989-07-13 11:19:26'),
('66','66','66','Debitis quos aliquid dicta reiciendis quia blanditiis. Ut animi quasi dignissimos dolorem perferendis reiciendis dicta. Dignissimos nobis molestiae ex omnis ducimus qui nobis. Beatae esse ullam illo voluptas.','1973-10-20 22:19:52'),
('67','67','67','Placeat qui sit ad sit rerum enim. Magni officia error facere ex quia dolore similique. Rem molestiae repudiandae mollitia aspernatur dignissimos voluptas.','2018-06-14 18:25:47'),
('68','68','68','Necessitatibus dolores aut sed architecto provident. Tempora vitae est est laborum. Tenetur qui rerum et possimus.','1971-12-19 19:22:09'),
('69','69','69','Molestias exercitationem porro esse voluptatem quae. Mollitia ea et fuga nesciunt.','1997-01-02 10:31:19'),
('70','70','70','Ut corrupti enim perferendis veniam eum itaque. Vel rerum rerum delectus eligendi ut. Quasi qui unde corrupti in culpa. Repellendus qui quo quia aperiam consectetur maiores veniam. Qui ut ut ut voluptates aut qui perferendis.','1979-11-04 20:51:43'),
('71','71','71','Perspiciatis sunt consectetur voluptas consectetur facilis sequi dolores. Nihil maiores dolor magnam repudiandae harum incidunt. Laudantium sapiente culpa omnis consequuntur dolor provident voluptas rerum. Sit est natus quod rerum consequatur.','1975-08-11 04:55:10'),
('72','72','72','Deserunt minus facere doloribus. Quod et ut eos doloribus. Nobis nulla similique pariatur commodi impedit voluptatibus. Deleniti quia perferendis ut ut ipsam.','2019-01-31 12:24:51'),
('73','73','73','Est ea tempore voluptatum dignissimos beatae. Occaecati corrupti repudiandae quas corporis. Nisi culpa nam nulla dolorem.','2000-06-14 21:08:59'),
('74','74','74','Sed nulla ad harum aliquam aut nostrum. Nesciunt voluptatem nulla consequuntur ea maiores asperiores.','1996-03-19 08:36:21'),
('75','75','75','Tenetur corporis laboriosam sed porro fugit explicabo quod. Cum ipsa voluptates ea sit nulla saepe molestiae. Et error dolorem veniam commodi voluptate. Error eum amet amet.','1971-01-13 08:35:26'),
('76','76','76','Quia vitae inventore velit omnis corporis velit eaque reiciendis. Sunt voluptas aperiam et asperiores odit voluptatem. Et nihil totam sint nihil.','1986-09-04 07:05:44'),
('77','77','77','Unde odit inventore voluptatibus soluta. Sed illo et consectetur molestiae. Accusantium provident aut iusto velit similique et.','2012-09-26 03:16:53'),
('78','78','78','Laboriosam quo deserunt est incidunt consequatur. Necessitatibus voluptas et possimus optio minus et ullam. Earum consequatur alias ad iusto possimus doloremque. Atque libero iste quis non adipisci error. Aspernatur unde repellat voluptatem explicabo.','2018-09-10 13:02:21'),
('79','79','79','Inventore officia quas molestiae accusamus. Distinctio esse et est sunt voluptatem nobis. Distinctio sequi ut voluptatem voluptas quos molestias molestiae nam. Fugit placeat molestias ullam numquam fuga.','2008-01-01 20:45:51'),
('80','80','80','Iusto dolores ab nostrum odit ut ducimus. Voluptate natus temporibus quis sed recusandae. In libero quasi totam illo.','1977-08-05 20:11:29'),
('81','81','81','Voluptatem officiis quia illo quos. Officiis id ipsa fugiat. Molestiae veniam qui voluptatem quos nam.','1992-08-10 07:01:56'),
('82','82','82','Assumenda maiores omnis non autem blanditiis. Consequuntur dolores minima et autem dolorem. Velit et quidem quia sit. Odio perferendis facilis atque. Veniam suscipit incidunt officiis quasi ducimus.','2019-01-13 08:38:50'),
('83','83','83','Incidunt praesentium debitis quis est quam in. Ut pariatur rem excepturi est. Ipsa culpa tenetur et ut rem doloremque vitae. Aliquam asperiores molestias non voluptas.','1972-09-02 16:54:33'),
('84','84','84','Ut qui ipsam rerum. Nesciunt et dolorum non dicta sequi fugiat et. Aut aperiam iusto dolor consequatur natus.','1986-11-23 19:38:11'),
('85','85','85','Beatae tenetur ducimus id nobis eum sit inventore. In omnis minima assumenda. Et facere inventore deleniti quam vitae quia. Doloribus omnis quas totam mollitia.','2005-08-01 10:39:44'),
('86','86','86','Culpa voluptatibus reiciendis aliquid reprehenderit provident rerum deserunt voluptatem. Vitae voluptates eaque ut veritatis molestiae. Earum aut nulla nisi et dicta. Dolorem aspernatur fuga odio nihil quia eos.','1979-08-22 14:18:35'),
('87','87','87','Reiciendis est tenetur molestias amet. Eius distinctio sequi qui vitae non accusamus consequatur. Numquam omnis sapiente quis modi iste. Voluptas placeat molestias cum nulla delectus quibusdam voluptas.','2020-11-12 08:53:23'),
('88','88','88','Sed voluptates explicabo voluptas assumenda commodi laboriosam in. Occaecati saepe tempora autem sit. Nemo omnis commodi et inventore. Aperiam expedita minus incidunt rerum.','1986-07-11 02:49:57'),
('89','89','89','Ut consequatur nostrum quae culpa. Aut sed ad consectetur atque est molestiae nulla quis. Fugit officia id id ea odio reiciendis.','1980-01-19 00:24:18'),
('90','90','90','Veritatis quo omnis provident atque. Sint quis doloribus delectus reiciendis labore et. Nostrum porro molestiae est dolores odit.','1976-12-30 13:21:32'),
('91','91','91','Nam occaecati laboriosam fugit autem. Est consequatur aperiam quia adipisci alias eveniet minima. Nihil qui facere perspiciatis. Illo nihil fuga officiis fugit.','2006-01-14 01:48:08'),
('92','92','92','Sed possimus quo perferendis aut quidem esse. Consectetur suscipit excepturi deserunt quia. Autem nisi aut laborum mollitia tempore praesentium.','1993-01-08 01:03:25'),
('93','93','93','Et modi deleniti sint est. Quia atque fuga corporis quasi velit ab et. Et quia qui qui consectetur. Et quasi ea rem asperiores ut ut cum. Aut quas repellendus sint labore quos qui.','2009-09-03 14:12:27'),
('94','94','94','Eos voluptas est quaerat laudantium. Molestiae ut quia dignissimos ut vel eos. Odio deserunt inventore voluptas reiciendis voluptates id. Dolore laudantium delectus impedit et laborum suscipit error possimus.','1986-12-29 03:25:26'),
('95','95','95','In quidem nulla nisi aut sunt. Vel et doloribus cum officiis adipisci quibusdam incidunt.','2001-10-05 04:05:04'),
('96','96','96','Aut eligendi vel laborum excepturi. Unde ut consequatur et animi voluptas aut. Doloribus facilis rerum laborum reprehenderit nobis quam qui quis. Ratione sunt omnis quaerat vel quo porro consequuntur.','1994-10-04 04:57:28'),
('97','97','97','Et laudantium ut ex et adipisci. Cupiditate totam placeat facere dolor. Omnis eum suscipit libero esse laudantium maxime.','2012-04-24 06:31:45'),
('98','98','98','Totam consectetur nulla et esse voluptas. Aspernatur cum omnis mollitia. Nemo voluptatibus quis qui sed quo eaque magnam.','1999-04-19 07:46:38'),
('99','99','99','Ratione nemo numquam minus aliquid. Velit eum autem quia architecto beatae a.','2007-07-18 14:45:04'),
('100','100','100','Debitis quia magni repellat dolores ipsum optio. Dolorum assumenda inventore ut. Laborum nihil recusandae voluptatibus perferendis.','2010-11-02 23:59:06'); 


DROP TABLE IF EXISTS `photo_albums`;
CREATE TABLE `photo_albums` (
  `id` bigint(20) unsigned NOT NULL AUTO_INCREMENT,
  `name` varchar(255) COLLATE utf8_unicode_ci DEFAULT NULL,
  `user_id` bigint(20) unsigned DEFAULT NULL,
  PRIMARY KEY (`id`),
  UNIQUE KEY `id` (`id`),
  KEY `user_id` (`user_id`),
  CONSTRAINT `photo_albums_ibfk_1` FOREIGN KEY (`user_id`) REFERENCES `users` (`id`)
) ENGINE=InnoDB AUTO_INCREMENT=101 DEFAULT CHARSET=utf8 COLLATE=utf8_unicode_ci;

INSERT INTO `photo_albums` VALUES ('1','hic','1'),
('2','sapiente','2'),
('3','possimus','3'),
('4','et','4'),
('5','placeat','5'),
('6','enim','6'),
('7','fugiat','7'),
('8','cum','8'),
('9','doloremque','9'),
('10','aut','10'),
('11','aut','11'),
('12','aut','12'),
('13','dolorem','13'),
('14','sunt','14'),
('15','ipsam','15'),
('16','omnis','16'),
('17','doloremque','17'),
('18','qui','18'),
('19','eligendi','19'),
('20','consectetur','20'),
('21','eveniet','21'),
('22','dolores','22'),
('23','tempora','23'),
('24','est','24'),
('25','est','25'),
('26','assumenda','26'),
('27','est','27'),
('28','possimus','28'),
('29','perspiciatis','29'),
('30','quisquam','30'),
('31','omnis','31'),
('32','corrupti','32'),
('33','dolorem','33'),
('34','inventore','34'),
('35','quos','35'),
('36','modi','36'),
('37','magni','37'),
('38','est','38'),
('39','consequatur','39'),
('40','aut','40'),
('41','voluptatem','41'),
('42','est','42'),
('43','culpa','43'),
('44','sit','44'),
('45','placeat','45'),
('46','quo','46'),
('47','id','47'),
('48','at','48'),
('49','et','49'),
('50','quia','50'),
('51','sunt','51'),
('52','sed','52'),
('53','asperiores','53'),
('54','odio','54'),
('55','tempore','55'),
('56','et','56'),
('57','nemo','57'),
('58','magni','58'),
('59','dicta','59'),
('60','dolores','60'),
('61','dolore','61'),
('62','qui','62'),
('63','possimus','63'),
('64','non','64'),
('65','dolor','65'),
('66','vel','66'),
('67','exercitationem','67'),
('68','voluptatem','68'),
('69','aut','69'),
('70','nesciunt','70'),
('71','officia','71'),
('72','quam','72'),
('73','deleniti','73'),
('74','nostrum','74'),
('75','voluptatem','75'),
('76','eligendi','76'),
('77','perferendis','77'),
('78','et','78'),
('79','hic','79'),
('80','ducimus','80'),
('81','temporibus','81'),
('82','beatae','82'),
('83','pariatur','83'),
('84','autem','84'),
('85','aut','85'),
('86','modi','86'),
('87','dolorem','87'),
('88','ipsum','88'),
('89','non','89'),
('90','cumque','90'),
('91','modi','91'),
('92','voluptates','92'),
('93','est','93'),
('94','optio','94'),
('95','laudantium','95'),
('96','minus','96'),
('97','voluptates','97'),
('98','maxime','98'),
('99','enim','99'),
('100','quisquam','100'); 


DROP TABLE IF EXISTS `photos`;
CREATE TABLE `photos` (
  `id` bigint(20) unsigned NOT NULL AUTO_INCREMENT,
  `album_id` bigint(20) unsigned DEFAULT NULL,
  `media_id` bigint(20) unsigned NOT NULL,
  UNIQUE KEY `id` (`id`),
  KEY `album_id` (`album_id`),
  KEY `media_id` (`media_id`),
  CONSTRAINT `photos_ibfk_1` FOREIGN KEY (`album_id`) REFERENCES `photo_albums` (`id`),
  CONSTRAINT `photos_ibfk_2` FOREIGN KEY (`media_id`) REFERENCES `media` (`id`)
) ENGINE=InnoDB AUTO_INCREMENT=101 DEFAULT CHARSET=utf8 COLLATE=utf8_unicode_ci;

INSERT INTO `photos` VALUES ('1','1','1'),
('2','2','2'),
('3','3','3'),
('4','4','4'),
('5','5','5'),
('6','6','6'),
('7','7','7'),
('8','8','8'),
('9','9','9'),
('10','10','10'),
('11','11','11'),
('12','12','12'),
('13','13','13'),
('14','14','14'),
('15','15','15'),
('16','16','16'),
('17','17','17'),
('18','18','18'),
('19','19','19'),
('20','20','20'),
('21','21','21'),
('22','22','22'),
('23','23','23'),
('24','24','24'),
('25','25','25'),
('26','26','26'),
('27','27','27'),
('28','28','28'),
('29','29','29'),
('30','30','30'),
('31','31','31'),
('32','32','32'),
('33','33','33'),
('34','34','34'),
('35','35','35'),
('36','36','36'),
('37','37','37'),
('38','38','38'),
('39','39','39'),
('40','40','40'),
('41','41','41'),
('42','42','42'),
('43','43','43'),
('44','44','44'),
('45','45','45'),
('46','46','46'),
('47','47','47'),
('48','48','48'),
('49','49','49'),
('50','50','50'),
('51','51','51'),
('52','52','52'),
('53','53','53'),
('54','54','54'),
('55','55','55'),
('56','56','56'),
('57','57','57'),
('58','58','58'),
('59','59','59'),
('60','60','60'),
('61','61','61'),
('62','62','62'),
('63','63','63'),
('64','64','64'),
('65','65','65'),
('66','66','66'),
('67','67','67'),
('68','68','68'),
('69','69','69'),
('70','70','70'),
('71','71','71'),
('72','72','72'),
('73','73','73'),
('74','74','74'),
('75','75','75'),
('76','76','76'),
('77','77','77'),
('78','78','78'),
('79','79','79'),
('80','80','80'),
('81','81','81'),
('82','82','82'),
('83','83','83'),
('84','84','84'),
('85','85','85'),
('86','86','86'),
('87','87','87'),
('88','88','88'),
('89','89','89'),
('90','90','90'),
('91','91','91'),
('92','92','92'),
('93','93','93'),
('94','94','94'),
('95','95','95'),
('96','96','96'),
('97','97','97'),
('98','98','98'),
('99','99','99'),
('100','100','100'); 


DROP TABLE IF EXISTS `profiles`;
CREATE TABLE `profiles` (
  `user_id` bigint(20) unsigned NOT NULL,
  `gender` char(1) COLLATE utf8_unicode_ci DEFAULT NULL,
  `birthday` date DEFAULT NULL,
  `photo_id` bigint(20) unsigned DEFAULT NULL,
  `created_at` datetime DEFAULT current_timestamp(),
  `hometown` varchar(100) COLLATE utf8_unicode_ci DEFAULT NULL,
  UNIQUE KEY `user_id` (`user_id`),
  CONSTRAINT `fk_user_id` FOREIGN KEY (`user_id`) REFERENCES `users` (`id`) ON DELETE NO ACTION ON UPDATE CASCADE
) ENGINE=InnoDB DEFAULT CHARSET=utf8 COLLATE=utf8_unicode_ci;

INSERT INTO `profiles` VALUES ('1','m','1983-05-16','1','2004-03-09 19:36:50',NULL),
('2','f','1977-08-02','2','2003-03-11 03:17:32',NULL),
('3','f','1979-06-23','3','1975-05-28 10:09:13',NULL),
('4','f','1997-10-15','4','1990-11-03 16:57:17',NULL),
('5','f','1995-10-15','5','1976-08-03 07:19:37',NULL),
('6','f','1976-08-22','6','1973-01-20 07:35:20',NULL),
('7','m','1976-05-20','7','2018-10-02 06:24:14',NULL),
('8','m','1986-11-16','8','1985-06-25 00:38:50',NULL),
('9','f','1993-08-19','9','1998-01-14 11:42:53',NULL),
('10','m','1977-05-06','10','1993-05-21 09:44:13',NULL),
('11','m','2011-09-20','11','2015-12-29 18:50:05',NULL),
('12','f','1979-07-14','12','1977-03-04 13:47:04',NULL),
('13','f','1999-06-19','13','1972-01-31 19:46:40',NULL),
('14','m','1974-03-27','14','2017-11-01 22:08:57',NULL),
('15','f','1995-08-25','15','2001-03-26 12:21:05',NULL),
('16','f','2001-09-15','16','1993-10-31 23:15:56',NULL),
('17','m','2018-11-11','17','2006-09-14 19:08:20',NULL),
('18','f','2008-02-03','18','1990-10-24 13:58:50',NULL),
('19','m','2004-10-22','19','2010-04-12 01:50:04',NULL),
('20','f','1980-10-12','20','2005-09-02 02:33:25',NULL),
('21','m','2002-04-11','21','2003-01-27 10:13:58',NULL),
('22','m','1973-08-25','22','1989-11-25 22:52:13',NULL),
('23','f','1971-01-07','23','2011-07-02 08:58:18',NULL),
('24','m','2014-03-19','24','1975-11-06 08:32:23',NULL),
('25','m','1992-01-22','25','2000-09-21 03:06:13',NULL),
('26','m','1977-01-14','26','1970-04-07 13:35:53',NULL),
('27','f','1972-01-23','27','1971-06-13 16:57:17',NULL),
('28','m','1992-03-30','28','1992-01-07 01:38:58',NULL),
('29','f','1992-06-15','29','2003-05-05 09:24:47',NULL),
('30','f','2014-08-14','30','2014-08-14 20:31:55',NULL),
('31','f','1977-03-01','31','2005-11-08 10:07:01',NULL),
('32','f','2017-06-25','32','1982-04-19 22:39:37',NULL),
('33','f','1979-04-24','33','1986-09-17 07:35:42',NULL),
('34','m','1976-04-16','34','1979-06-17 05:45:49',NULL),
('35','m','2006-11-09','35','2008-01-31 22:01:51',NULL),
('36','f','1988-01-14','36','1995-11-16 21:49:12',NULL),
('37','m','1977-08-10','37','1986-10-25 20:14:00',NULL),
('38','m','2012-05-16','38','1998-07-04 08:43:39',NULL),
('39','m','1979-03-08','39','2011-01-18 19:30:55',NULL),
('40','f','2019-12-15','40','1971-07-20 15:45:21',NULL),
('41','m','2000-12-20','41','1984-06-24 06:01:25',NULL),
('42','f','1976-12-05','42','2010-02-13 02:47:02',NULL),
('43','f','2005-09-03','43','2016-09-01 17:34:32',NULL),
('44','f','2001-04-09','44','1989-02-20 06:43:56',NULL),
('45','m','1999-01-07','45','2002-02-08 12:15:13',NULL),
('46','f','1974-11-06','46','1983-05-13 16:58:29',NULL),
('47','m','1987-12-01','47','2008-01-14 14:32:58',NULL),
('48','f','2018-10-04','48','1990-03-03 19:09:42',NULL),
('49','f','1981-11-25','49','1986-01-01 01:03:55',NULL),
('50','m','2006-11-19','50','1996-01-08 01:40:59',NULL),
('51','m','2012-12-15','51','2003-01-04 21:37:34',NULL),
('52','m','2013-04-03','52','1978-01-17 05:31:49',NULL),
('53','m','1999-08-11','53','2003-03-30 14:21:05',NULL),
('54','m','1986-08-23','54','1984-10-03 15:51:44',NULL),
('55','m','2002-02-21','55','1997-11-04 16:38:18',NULL),
('56','f','2001-02-12','56','1975-01-13 06:59:00',NULL),
('57','m','1983-10-24','57','1981-01-10 10:57:24',NULL),
('58','f','1981-04-17','58','1980-02-29 13:19:01',NULL),
('59','m','2004-06-08','59','2004-11-25 21:18:21',NULL),
('60','f','2010-11-20','60','2005-08-12 00:44:09',NULL),
('61','m','2001-04-21','61','1993-08-03 16:26:15',NULL),
('62','f','2014-07-10','62','1987-04-01 17:04:58',NULL),
('63','m','1989-11-23','63','1975-05-29 22:43:23',NULL),
('64','f','1985-08-16','64','2018-07-17 10:14:42',NULL),
('65','m','1995-01-29','65','1977-07-31 05:16:14',NULL),
('66','m','1985-05-26','66','2007-11-17 17:24:25',NULL),
('67','m','1974-09-20','67','1980-09-27 12:33:29',NULL),
('68','m','1998-12-21','68','1971-08-04 19:25:50',NULL),
('69','m','1972-03-17','69','1976-06-01 06:33:11',NULL),
('70','m','2000-10-29','70','2006-05-10 19:12:22',NULL),
('71','m','1987-03-02','71','2001-06-18 13:05:43',NULL),
('72','m','1996-02-18','72','1992-01-14 05:58:56',NULL),
('73','m','1992-11-29','73','1986-01-25 00:00:05',NULL),
('74','m','1971-12-15','74','1990-12-20 17:59:27',NULL),
('75','f','2018-12-20','75','2020-02-12 02:48:38',NULL),
('76','m','2000-03-15','76','1984-03-02 14:23:36',NULL),
('77','m','1982-06-08','77','1986-03-09 23:42:21',NULL),
('78','f','2003-10-01','78','2016-12-11 05:48:37',NULL),
('79','m','1988-08-28','79','2011-06-24 08:30:37',NULL),
('80','f','2006-01-25','80','2006-04-08 16:48:41',NULL),
('81','m','1978-02-04','81','1970-04-06 02:26:11',NULL),
('82','f','1970-10-11','82','1976-06-19 00:43:19',NULL),
('83','m','2010-04-29','83','1973-01-25 06:49:51',NULL),
('84','f','1985-08-24','84','2020-02-15 04:04:43',NULL),
('85','f','2011-06-19','85','1997-10-25 05:07:45',NULL),
('86','f','1985-02-03','86','1979-09-22 22:06:17',NULL),
('87','f','2011-05-02','87','2010-07-12 16:07:50',NULL),
('88','m','1981-05-17','88','1986-01-28 00:24:53',NULL),
('89','m','2018-09-26','89','1990-08-10 00:29:35',NULL),
('90','f','2013-12-28','90','2006-04-18 13:54:41',NULL),
('91','f','1980-06-28','91','1973-12-19 15:08:22',NULL),
('92','m','1987-02-01','92','2001-07-17 00:02:47',NULL),
('93','f','2017-04-29','93','2015-01-03 22:39:39',NULL),
('94','f','2000-11-16','94','2018-09-24 13:59:22',NULL),
('95','m','2007-07-05','95','1985-07-04 11:43:33',NULL),
('96','m','1980-03-07','96','2014-11-25 08:52:30',NULL),
('97','m','2012-05-20','97','2004-03-12 04:27:25',NULL),
('98','f','1981-06-05','98','1997-10-20 15:06:08',NULL),
('99','f','1987-11-25','99','1994-08-19 13:33:17',NULL),
('100','m','2011-08-26','100','2016-03-22 06:54:07',NULL); 


DROP TABLE IF EXISTS `users`;
CREATE TABLE `users` (
  `id` bigint(20) unsigned NOT NULL AUTO_INCREMENT,
  `firstname` varchar(50) COLLATE utf8_unicode_ci DEFAULT NULL,
  `lastname` varchar(50) COLLATE utf8_unicode_ci DEFAULT NULL COMMENT 'Фамиль',
  `email` varchar(120) COLLATE utf8_unicode_ci DEFAULT NULL,
  `password_hash` varchar(100) COLLATE utf8_unicode_ci DEFAULT NULL,
  `phone` bigint(20) unsigned DEFAULT NULL,
  PRIMARY KEY (`id`),
  UNIQUE KEY `email` (`email`),
  UNIQUE KEY `phone` (`phone`),
  KEY `users_firstname_lastname_idx` (`firstname`,`lastname`)
) ENGINE=InnoDB AUTO_INCREMENT=101 DEFAULT CHARSET=utf8 COLLATE=utf8_unicode_ci COMMENT='юзеры';

INSERT INTO `users` VALUES ('1','Otilia','Rosenbaum','lowe.casimir@example.org','8353b241d660c728f406abe5c3f47f34ae12fe36','89957166856'),
('2','Stephania','Murray','brigitte11@example.net','9455238c623c48dd8b6755ad582817b2f763b81a','89544541412'),
('3','Jasper','Considine','minerva.cartwright@example.org','d4460de88f86e6650ae89005e482dabac271edfe','89291005545'),
('4','Ian','Ritchie','bogisich.meagan@example.com','c8c9ee39a7241baf4fafcf3525fb11e7a8418c5f','89417700425'),
('5','Constantin','Gutmann','charity.gaylord@example.com','c0d9d927b160c9131458b0f49e0680ed000c2ec8','89609117080'),
('6','Anissa','Schowalter','feest.lydia@example.org','01cd414911a3bf1925869148c95efb920bdf301b','89249389051'),
('7','Connie','Purdy','lindgren.elisa@example.org','580181b27a0e8a3865135d971412eb0df7b772ee','89898498907'),
('8','Rosalia','Borer','hboyle@example.com','48304daf94dc3df908a697be853740d3f0a6e9de','89612754072'),
('9','Priscilla','Homenick','virginia94@example.net','d155864415998650f5f3e2a395b15d1695d8fc0e','89518678087'),
('10','Eldred','Brakus','greyson.stracke@example.net','08a3723685825d9e45cfaeb3917747d41d758876','89811058687'),
('11','Ahmed','Reichert','mwolf@example.com','95ffdf9ea2fd91af911f97cea876f4f7372fd838','89823177171'),
('12','Colin','Koss','iparisian@example.org','44737eae1bb80f215fb5148a0240e70e8a25c906','89867899156'),
('13','Melba','Schumm','cydney51@example.net','86ffcfb61efd16cd33a4c8d7366a44e7c5a3a9c4','89277975971'),
('14','Jaydon','Mohr','dietrich.adriel@example.com','121edcce03a015be9c738929e35246d78e3ce72e','89562084002'),
('15','Rosamond','Grimes','ufritsch@example.net','fad8c9e12eb9c569df73fb18e01395a53e23c9b0','89964679568'),
('16','Elissa','Schultz','scarroll@example.org','17b388ab5d788a37bc25e06445424838969c7085','89329054825'),
('17','Allie','Heidenreich','noemi60@example.com','eb90a72ed40473f2e026bb2f4efc6037722fa2cd','89712876236'),
('18','Darrin','Nicolas','ecasper@example.net','d205d2b78d4b3d4c598e284d62da36d49e9803c5','89372414485'),
('19','Zoe','Pouros','gerry65@example.com','099fdefea9a8e491fcda9ce67e96c2abdf7fd8ec','89091237692'),
('20','Raul','Vandervort','nikolas31@example.com','400fb6bb517db7b59068866f5762e0f657e6cbfb','89523761729'),
('21','Addie','Bashirian','donny09@example.net','4f589b27422274bc21e5de5d5a39e7460c15d1d1','89057269311'),
('22','Ava','Collier','feil.wilford@example.com','eb76acf57553fa3ee02225d858b2493b6111eb6e','89987528384'),
('23','Aimee','Windler','hconnelly@example.net','c50d0232b7f73a355d53c66dc1804c2798188c50','89457103083'),
('24','Murray','Gerhold','kshlerin.carlie@example.org','6360362830b70e5c7abcbd24eb70f7b8e8cc3c07','89630575033'),
('25','Aiden','Boyle','wschowalter@example.com','1d7eec2a6c0f5ce0e3923f533d68ef7068f01d3d','89333271738'),
('26','Donavon','Shields','brandi.pfeffer@example.org','15571a676802d23a0df4e3b6297318f20c26d10c','89444862606'),
('27','Sylvester','Simonis','antoinette.kuhlman@example.org','922edba51cd975ece0b466c46399d8c6d1bcfd02','89153870007'),
('28','Antonetta','Becker','spollich@example.org','eeaa75ea1d5d969f9c5cd0400bab897a9a884f43','89454431653'),
('29','Janick','Bayer','tyler.rath@example.com','d9c307755bdc234d8d2c5c57524e72ebf493c299','89434576744'),
('30','Carmel','Fay','mathilde15@example.org','0856934d1ebf83dc1aa0486a90d37378c9df4a1c','89176168549'),
('31','Rossie','Denesik','quitzon.malinda@example.net','63d4dca38fdb5740ac070dad8c8ef28c2ae73a6e','89447751868'),
('32','Stanton','Langosh','shana61@example.net','2910eacde027a144d12893fa66385c31d59be7d8','89658932564'),
('33','Jodie','Wunsch','lance49@example.org','aca502507547e56f8b4c5009116ecd5eba77fa99','89948840806'),
('34','Aaron','Lynch','braeden.lockman@example.com','5b534d5979f2a118fc5ed964ade2c9a47bbcb694','89091300168'),
('35','Layla','Parker','lratke@example.com','198d94709eec2dc899896c904b48844bf7af41a8','89299408413'),
('36','Nicholas','Mertz','esta.schmidt@example.com','95750c6a6da7a553bf9d7010164f785e98eef661','89385080344'),
('37','Preston','Emard','jane.o\'keefe@example.net','cd0a9b528bbcaf2ef44608a86f8f8cd0c6836c87','89029130777'),
('38','Chasity','Kunde','delmer.zboncak@example.com','2971f2c48ab8a050c3a973667b54443e0968ba19','89251607997'),
('39','Kiara','Hintz','randy67@example.org','4bfc5e69185541924e68392536c9ca32aff7d720','89332868450'),
('40','Betty','Runolfsson','simeon47@example.org','b577137e6344373f2f07670cb8a837115aec584a','89796999067'),
('41','Sim','Schmeler','thiel.leanna@example.org','484d324e7d8167f6a9bbfef70acd79275c0939a8','89222770825'),
('42','Zula','Will','sandrine07@example.org','fc2357b3d4c4910f7e8f05fbe3ab6780c0756a45','89671983999'),
('43','Melvin','Dickens','schinner.carroll@example.org','15a06da8b36ad7b5fbb5d88297f5d2381d12ae05','89377392800'),
('44','Adele','Kovacek','eliseo87@example.com','7fbbff3dbde92fb1acbcf7ccf37dbefbc83223b3','89630138732'),
('45','Cristobal','Bradtke','pheaney@example.net','6530ba20ed9a881ee5b602a80aca3946e8043954','89932774739'),
('46','Jazmyne','Kuvalis','dedrick47@example.com','e498c1494a0dc3c9f16d8fd828d0732622681482','89136873043'),
('47','Romaine','Jacobson','gardner.schneider@example.com','ce59be99cb30899fb46160ab2b2ca8efa3bf463f','89392823586'),
('48','Flossie','Lubowitz','royal58@example.net','69ba97d0a43ad8885e73a4463a39cb0e694bdd57','89910085677'),
('49','Cale','Satterfield','dkshlerin@example.com','19023b20bb5a9c18a95b6a3ee3ca4057ae29088d','89399654839'),
('50','Kenton','Volkman','johns.rosa@example.com','6a3bd0e9f0fe5c7c3f3ed54af87c1d14e626a670','89313967539'),
('51','Merritt','Block','champlin.mary@example.net','9336a41a07df9b398c79ed15c84faa70ca306ca5','89405105127'),
('52','Thea','Schmitt','o\'keefe.dorian@example.net','08659db876c93a5f29ea673db58a73a4dc9c4af9','89162245127'),
('53','Adrienne','Botsford','adonis17@example.org','de2926f69615692ac4864d1d52a460a4425321e8','89243799477'),
('54','Alanis','Wuckert','broberts@example.net','8a6355497b48b7c7afdfdd580b872ede1bb54998','89331031308'),
('55','Madonna','Hodkiewicz','magali64@example.net','0889e3e683aa0b38bd5d208f93d3eabcd55a98e1','89507668752'),
('56','Camron','O\'Reilly','carter.dessie@example.com','cafcd9fe25c3142f3130f312995f39a6ebd5d2eb','89523531143'),
('57','Demetrius','Stark','wolf.magnus@example.org','6f5a5468980dc087ed6b993ad39278712c75136d','89597826689'),
('58','Katheryn','Swaniawski','wilhelm.gislason@example.org','5b07c3973a6f2fd2e35d0e086f110140319c1a61','89390047752'),
('59','Gunner','Turcotte','kenya.kiehn@example.com','4d4d5c689c46dc0652636ae55da0144c7c59828a','89818842538'),
('60','Madisen','Vandervort','elinor.littel@example.com','63a0faa21be597858cc326984a7870bdb68029a2','89634942650'),
('61','Haskell','Goodwin','halvorson.shannon@example.net','183ac976d9445f58c9f7c8be0b7de9df942b3a5e','89361529683'),
('62','Darius','Steuber','wilma.parker@example.org','d1c12cda173c3f6e24c605e65e78b5ed4db28c21','89379817393'),
('63','Heber','Lubowitz','corkery.valentine@example.net','61e57e3606b7a6d7c528004cf25f01d206d4f6e2','89076069192'),
('64','Angela','Beer','randi49@example.org','300f402a1d658437c174fd073e1936c3ceabb6cb','89165690759'),
('65','Wade','O\'Kon','asha59@example.net','72dd0b0e4369b4422d268e86641dc15a48bc0802','89549507406'),
('66','Marie','Satterfield','bode.jacinto@example.org','323c5eb4f12d43719d7b886b16f4408d18f32ec3','89390985247'),
('67','Teagan','Prosacco','grimes.maya@example.com','d1fda7d03f6941fbee5adc64bdb168aa0f804c36','89481301832'),
('68','Reta','Halvorson','roob.domenic@example.org','69e030f18ffc366f2fc96dc4c880f0ad5430890b','89398326733'),
('69','Jonathon','Abbott','watsica.carlo@example.com','d1753b93719214a14335fe112bb80056d5796c16','89022692207'),
('70','Remington','Murray','mae10@example.net','1e3302da6ce018717067772d3247d975b945fb9e','89633609531'),
('71','Emerald','Williamson','estelle81@example.org','bb64180d717bd40d7a396dd7b0df3060571e1418','89631733982'),
('72','Giovanni','Krajcik','liliane55@example.net','2e2321505a6b375726d36f651e2818e7cbd91952','89466171831'),
('73','Ebba','Johnson','haskell.purdy@example.com','66bc82037bd4a096d30243ec24ff4baf58d4fd86','89299268990'),
('74','Chauncey','Hoeger','buford.bednar@example.com','38f664c53dc3aaa6d0e95ff4cac769ef0a24c8f6','89784616601'),
('75','Emile','Boyer','lraynor@example.net','f74da81ada378f1264742b1837a1882c39db0c0b','89012261802'),
('76','Ronaldo','McDermott','chelsea.stroman@example.com','703a461a3814141e42e313125773a782d78240cd','89921729287'),
('77','Domenick','Homenick','qnicolas@example.net','853ac83e90ddcab977c8b554a13ba7652a6cfe60','89086206925'),
('78','Vella','Rice','ndeckow@example.net','ae93301ac791afefff6834b3bc13807bcbf6df9a','89465818480'),
('79','Wayne','Maggio','jordy.kshlerin@example.com','c9037a7d6bbbab3f597404067574226a087e2f28','89791588251'),
('80','Devonte','Crooks','edicki@example.com','3825bab4637c2c7e0f08d111c22042695e120c6d','89152604105'),
('81','Kennedi','Leuschke','lucile50@example.com','641bc8170bc2b3bb318b7459bd6289c662f85d52','89086212153'),
('82','Chelsey','Emard','emurray@example.org','a2a11db42fe3da8d01a5365b69f2bded41c8118d','89441899401'),
('83','Ophelia','Gorczany','jabari.steuber@example.org','5b57727fea6190896308e3fb21909da674a89abf','89103934251'),
('84','Camille','Kreiger','torp.evie@example.org','49092b063818049a272a151f974a4e2b41844256','89960099128'),
('85','Blaze','Grant','megane26@example.com','496e11b3684db1e991a6844c637f47a7caa06dc9','89346176669'),
('86','Gardner','Yost','rohan.idella@example.net','e2583880742a7ada0e10899c2e5b37bed49cff86','89141755449'),
('87','Tyree','Hermiston','nolan.dallin@example.org','06c96345b27d4449b7c87a8683a048de0794337d','89908359580'),
('88','Marisa','Considine','keven02@example.org','3e95f8ee25d6a66dd59b8c8375e312c97cb65088','89677477942'),
('89','Marlene','Blick','jany01@example.org','d8d2b612ca69786a1542077fdcd88c411a08bba8','89678645604'),
('90','Ulices','Huels','lia08@example.com','f4f40139b08c71cb1071d7e05639f27970b755fc','89783062732'),
('91','Norberto','Lebsack','bradley.batz@example.org','25a01e1020e1eac2c516df5648268a42486c604d','89173730078'),
('92','Gust','Langworth','brown.tate@example.com','60cdb9b4410d5a00a760fbb10e20b290b90c0ce5','89144486290'),
('93','Verla','Witting','hegmann.alicia@example.org','c75bdf056eac71d37b663333f54e7b1be17a4d44','89804309703'),
('94','Emanuel','Kemmer','akunde@example.org','fdb96e481dd4d4d06d1eb999a64432f5edecf095','89874599689'),
('95','Lincoln','Durgan','breitenberg.tad@example.com','3cbf5b804176e8803f3f402bdc3e9df9f1a0c410','89552297225'),
('96','Pearlie','Schuster','terry.elvis@example.org','5a6c05f17a72b37fb0216026732357aaf71e6d67','89393671694'),
('97','Destin','Monahan','myah.dietrich@example.com','f24c2181de6eecbe83c27c6ee6bd105fe5ef9adf','89421866146'),
('98','Dakota','Maggio','hroberts@example.com','547dfeeb713fdd4a3d035b43a1ebc760f3212461','89031901141'),
('99','Holden','Crist','willis75@example.net','ac466a597a2d31fa7e4fe4f0e7aacd8a34220b6f','89421576293'),
('100','Otis','Koepp','d\'amore.yasmine@example.com','149c3d5f2ae84e4670b80ea5fbd6e83a053771b2','89264661021'); 


DROP TABLE IF EXISTS `users_communities`;
CREATE TABLE `users_communities` (
  `user_id` bigint(20) unsigned NOT NULL,
  `community_id` bigint(20) unsigned NOT NULL,
  PRIMARY KEY (`user_id`,`community_id`),
  KEY `community_id` (`community_id`),
  CONSTRAINT `users_communities_ibfk_1` FOREIGN KEY (`user_id`) REFERENCES `users` (`id`),
  CONSTRAINT `users_communities_ibfk_2` FOREIGN KEY (`community_id`) REFERENCES `communities` (`id`)
) ENGINE=InnoDB DEFAULT CHARSET=utf8 COLLATE=utf8_unicode_ci;

INSERT INTO `users_communities` VALUES ('1','1'),
('2','2'),
('3','3'),
('4','4'),
('5','5'),
('6','6'),
('7','7'),
('8','8'),
('9','9'),
('10','10'),
('11','11'),
('12','12'),
('13','13'),
('14','14'),
('15','15'),
('16','16'),
('17','17'),
('18','18'),
('19','19'),
('20','20'),
('21','21'),
('22','22'),
('23','23'),
('24','24'),
('25','25'),
('26','26'),
('27','27'),
('28','28'),
('29','29'),
('30','30'),
('31','31'),
('32','32'),
('33','33'),
('34','34'),
('35','35'),
('36','36'),
('37','37'),
('38','38'),
('39','39'),
('40','40'),
('41','41'),
('42','42'),
('43','43'),
('44','44'),
('45','45'),
('46','46'),
('47','47'),
('48','48'),
('49','49'),
('50','50'),
('51','51'),
('52','52'),
('53','53'),
('54','54'),
('55','55'),
('56','56'),
('57','57'),
('58','58'),
('59','59'),
('60','60'),
('61','61'),
('62','62'),
('63','63'),
('64','64'),
('65','65'),
('66','66'),
('67','67'),
('68','68'),
('69','69'),
('70','70'),
('71','71'),
('72','72'),
('73','73'),
('74','74'),
('75','75'),
('76','76'),
('77','77'),
('78','78'),
('79','79'),
('80','80'),
('81','81'),
('82','82'),
('83','83'),
('84','84'),
('85','85'),
('86','86'),
('87','87'),
('88','88'),
('89','89'),
('90','90'),
('91','91'),
('92','92'),
('93','93'),
('94','94'),
('95','95'),
('96','96'),
('97','97'),
('98','98'),
('99','99'),
('100','100'); 

/*!40101 SET SQL_MODE=@OLD_SQL_MODE */;
/*!40014 SET FOREIGN_KEY_CHECKS=@OLD_FOREIGN_KEY_CHECKS */;
/*!40014 SET UNIQUE_CHECKS=@OLD_UNIQUE_CHECKS */;
/*!40101 SET CHARACTER_SET_CLIENT=@OLD_CHARACTER_SET_CLIENT */;
/*!40101 SET CHARACTER_SET_RESULTS=@OLD_CHARACTER_SET_RESULTS */;
/*!40101 SET COLLATION_CONNECTION=@OLD_COLLATION_CONNECTION */;
/*!40111 SET SQL_NOTES=@OLD_SQL_NOTES */;


/* Задание 2. Написать скрипт, возвращающий список имен (только firstname) пользователей без повторений в алфавитном порядке*/

SELECT DISTINCT firstname
	FROM users
	WHERE firstname IS NOT NULL
	ORDER BY firstname ASC;

/* Задание 3. Написать скрипт, отмечающий несовершеннолетних пользователей как неактивных (поле is_active = false).
Предварительно добавить такое поле в таблицу profiles со значением по умолчанию = true (или 1)*/

ALTER TABLE profiles 
	ADD COLUMN is_active ENUM('true', 'false') DEFAULT 'true';
	
UPDATE profiles
	SET is_active = 'false'
	WHERE birthday > DATE_SUB(NOW(), INTERVAL 18 YEAR);
	
/* Задание 4. Написать скрипт, удаляющий сообщения «из будущего» (дата больше сегодняшней)*/

DELETE FROM messages
	WHERE created_at > NOW();